phone,first_sent,last_sent,times_sent,last_status,last_error_code,last_error_message,every_error_code,senders,on_10dlc_campaign,looks_like_test
+12052582553,2026-09-17T14:00:43.000Z,2026-09-17T14:00:43.000Z,1,delivered,,,,+13362761896,no,
+12052593530,2026-09-16T14:00:58.000Z,2026-09-16T14:00:58.000Z,1,undelivered,30034,,30034,+13362761896,no,
+12052761231,2026-09-01T14:00:16.000Z,2026-09-01T14:00:16.000Z,1,undelivered,30034,,30034,+13362761896,no,
+12052819895,2026-09-01T14:00:06.000Z,2026-09-01T14:00:06.000Z,1,undelivered,30034,,30034,+13362761896,no,
+12053207000,2026-09-16T14:00:57.000Z,2026-09-16T14:00:57.000Z,1,undelivered,30034,,30034,+13362761896,no,
+12053542951,2026-09-16T14:00:59.000Z,2026-09-16T14:00:59.000Z,1,delivered,,,,+13362761896,no,
+12053798526,2026-08-30T14:00:45.000Z,2026-08-30T14:00:45.000Z,1,delivered,,,,+13362761896,no,
+12053808156,2026-09-16T14:00:43.000Z,2026-09-16T14:00:43.000Z,1,delivered,,,,+13362761896,no,
+12053888878,2026-09-16T14:00:57.000Z,2026-09-16T14:00:57.000Z,1,undelivered,30034,,30034,+13362761896,no,
+12054244400,2026-09-01T14:00:20.000Z,2026-09-01T14:00:20.000Z,1,undelivered,30034,,30034,+13362761896,no,
+12054462416,2026-08-30T14:00:47.000Z,2026-08-30T14:00:47.000Z,1,undelivered,30034,,30034,+13362761896,no,
+12055449761,2026-09-15T14:00:30.000Z,2026-09-15T14:00:30.000Z,1,undelivered,30034,,30034,+13362761896,no,
+12055455180,2026-09-01T14:00:30.000Z,2026-09-01T14:00:30.000Z,1,delivered,,,,+13362761896,no,
+12055648660,2026-08-30T14:00:46.000Z,2026-08-30T14:00:46.000Z,1,undelivered,30034,,30034,+13362761896,no,
+12055672714,2026-09-04T14:03:15.000Z,2026-09-04T14:03:15.000Z,1,undelivered,30034,,30034,+13362761896,no,
+12055688172,2026-09-01T14:00:08.000Z,2026-09-01T14:00:08.000Z,1,undelivered,30034,,30034,+13362761896,no,
+12055855577,2026-09-01T14:00:08.000Z,2026-09-01T14:00:08.000Z,1,undelivered,30034,,30034,+13362761896,no,
+12055864829,2026-09-16T14:01:08.000Z,2026-09-16T14:01:08.000Z,1,undelivered,30034,,30034,+13362761896,no,
+12055917787,2026-09-08T14:00:29.000Z,2026-09-08T14:00:29.000Z,1,undelivered,30034,,30034,+13362761896,no,
+12055958610,2026-08-30T14:00:48.000Z,2026-08-30T14:00:48.000Z,1,undelivered,30034,,30034,+13362761896,no,
+12056001003,2026-09-04T14:03:14.000Z,2026-09-04T14:03:14.000Z,1,undelivered,30034,,30034,+13362761896,no,
+12056175572,2026-09-16T14:00:54.000Z,2026-09-16T14:00:54.000Z,1,undelivered,30034,,30034,+13362761896,no,
+12057147035,2026-09-16T14:00:54.000Z,2026-09-16T14:00:54.000Z,1,undelivered,30034,,30034,+13362761896,no,
+12057462138,2026-08-30T14:00:45.000Z,2026-08-30T14:00:45.000Z,1,undelivered,30034,,30034,+13362761896,no,
+12057612238,2026-09-01T14:00:30.000Z,2026-09-01T14:00:30.000Z,1,undelivered,30034,,30034,+13362761896,no,
+12057771734,2026-08-30T14:01:14.000Z,2026-08-30T14:01:14.000Z,1,undelivered,30034,,30034,+13362761896,no,
+12057773213,2026-09-16T14:01:16.000Z,2026-09-16T14:01:16.000Z,1,undelivered,30034,,30034,+13362761896,no,
+12058501931,2026-08-30T14:00:59.000Z,2026-08-30T14:00:59.000Z,1,undelivered,30008,Unknown error,30008,+13362761896,no,
+12058524270,2026-09-04T14:03:15.000Z,2026-09-04T14:03:15.000Z,1,undelivered,30034,,30034,+13362761896,no,
+12058550347,2026-09-01T14:00:07.000Z,2026-09-01T14:00:07.000Z,1,undelivered,30034,,30034,+13362761896,no,
+12058558509,2026-09-01T14:00:05.000Z,2026-09-01T14:00:05.000Z,1,delivered,,,,+13362761896,no,
+12058683039,2026-08-30T14:00:59.000Z,2026-08-30T14:00:59.000Z,1,undelivered,30034,,30034,+13362761896,no,
+12058714712,2026-09-17T14:00:45.000Z,2026-09-17T14:00:45.000Z,1,undelivered,30034,,30034,+13362761896,no,
+12058769044,2026-08-30T14:00:47.000Z,2026-08-30T14:00:47.000Z,1,undelivered,30034,,30034,+13362761896,no,
+12059376767,2026-08-30T14:01:00.000Z,2026-08-30T14:01:00.000Z,1,undelivered,30034,,30034,+13362761896,no,
+12059560456,2026-09-01T14:00:05.000Z,2026-09-01T14:00:05.000Z,1,undelivered,30034,,30034,+13362761896,no,
+12059624840,2026-09-16T14:01:16.000Z,2026-09-16T14:01:16.000Z,1,undelivered,30034,,30034,+13362761896,no,
+12059873831,2026-08-30T14:01:14.000Z,2026-08-30T14:01:14.000Z,1,delivered,,,,+13362761896,no,
+12177868392,2026-10-05T13:00:36.000Z,2026-10-05T13:00:36.000Z,1,delivered,,,,+13367294181,yes,
+12252501623,2026-08-22T14:02:15.000Z,2026-08-22T14:02:15.000Z,1,delivered,,,,+13362761896,no,
+12293454277,2026-08-27T14:00:24.000Z,2026-08-27T14:00:24.000Z,1,undelivered,30034,,30034,+13362761896,no,
+12392734573,2026-09-12T14:00:35.000Z,2026-09-12T14:00:35.000Z,1,undelivered,30034,,30034,+13362761896,no,
+12393063731,2026-08-11T18:31:19.000Z,2026-08-20T17:14:55.000Z,2,delivered,,,,+13367294181,yes,
+12513339898,2026-09-01T14:00:06.000Z,2026-09-01T14:00:06.000Z,1,delivered,,,,+13362761896,no,
+12516009636,2026-09-01T14:00:16.000Z,2026-09-01T14:00:16.000Z,1,undelivered,30034,,30034,+13362761896,no,
+12517522413,2026-09-16T14:01:08.000Z,2026-09-16T14:01:08.000Z,1,undelivered,30034,,30034,+13362761896,no,
+12522209352,2026-09-24T14:00:37.000Z,2026-09-24T14:00:37.000Z,1,delivered,,,,+13362761896,no,
+12522660103,2026-09-07T14:00:40.000Z,2026-09-07T14:00:40.000Z,1,undelivered,30034,,30034,+13362761896,no,
+12522884705,2026-10-04T13:00:53.000Z,2026-10-07T14:00:48.000Z,2,undelivered,30006,Landline or unreachable carrier,30006,+13367294181,yes,
+12522930883,2026-08-11T10:00:38.000Z,2026-08-20T14:00:42.000Z,2,undelivered,30034,,30034,+13362761896,no,
+12522961548,2026-10-04T13:00:49.000Z,2026-10-07T14:00:43.000Z,2,delivered,,,,+13367294181,yes,
+12522962545,2026-10-04T13:00:38.000Z,2026-10-07T14:00:38.000Z,2,delivered,,,,+13367294181,yes,
+12524027389,2026-10-04T13:00:37.000Z,2026-10-07T14:00:37.000Z,2,delivered,,,,+13367294181,yes,
+12524068779,2026-10-04T13:00:41.000Z,2026-10-07T14:01:07.000Z,2,delivered,,,,+13367294181,yes,
+12524087293,2026-10-04T13:00:59.000Z,2026-10-07T14:00:47.000Z,2,delivered,,,,+13367294181,yes,
+12524140047,2026-08-11T17:41:16.000Z,2026-08-20T17:14:51.000Z,2,delivered,,,,+13367294181,yes,
+12524301930,2026-09-20T14:00:42.000Z,2026-09-20T14:00:42.000Z,1,undelivered,30034,,30034,+13362761896,no,
+12524533100,2026-08-15T14:00:20.000Z,2026-09-17T14:00:43.000Z,2,undelivered,30034,,30034,+13362761896,no,
+12524692538,2026-08-15T14:00:22.000Z,2026-09-17T14:00:58.000Z,2,undelivered,30034,,30034,+13362761896,no,
+12524745201,2026-10-04T13:00:48.000Z,2026-10-04T13:01:38.000Z,2,failed,21610,,21610,+13367294181,yes,
+12525500812,2026-10-04T13:00:37.000Z,2026-10-07T14:00:38.000Z,2,delivered,,,,+13367294181,yes,
+12525718623,2026-10-04T13:00:51.000Z,2026-10-07T14:00:40.000Z,2,delivered,,,,+13367294181,yes,
+12526315131,2026-10-04T13:00:38.000Z,2026-10-07T14:00:39.000Z,2,undelivered,30006,Landline or unreachable carrier,30006,+13367294181,yes,
+12526386036,2026-09-07T14:00:31.000Z,2026-09-07T14:00:31.000Z,1,undelivered,30034,,30034,+13362761896,no,
+12526757855,2026-10-04T13:00:57.000Z,2026-10-04T15:54:50.000Z,2,failed,21610,,21610,+13367294181,yes,
+12569293068,2026-09-01T14:00:06.000Z,2026-09-01T14:00:06.000Z,1,undelivered,30034,,30034,+13362761896,no,
+12709387018,2026-09-11T14:00:32.000Z,2026-09-11T14:00:32.000Z,1,undelivered,30034,,30034,+13362761896,no,
+12762263330,2026-08-11T10:01:05.000Z,2026-08-20T14:00:42.000Z,2,undelivered,30034,,30034,+13362761896,no,
+13049824369,2026-09-03T14:03:08.000Z,2026-09-03T14:03:08.000Z,1,undelivered,30034,,30034,+13362761896,no,
+13057724150,2026-09-14T14:00:42.000Z,2026-09-14T14:00:42.000Z,1,undelivered,30034,,30034,+13362761896,no,
+13059723264,2026-08-22T14:02:14.000Z,2026-08-22T14:02:14.000Z,1,undelivered,30034,,30034,+13362761896,no,
+13155165699,2026-09-15T14:00:44.000Z,2026-09-15T14:00:44.000Z,1,undelivered,30034,,30034,+13362761896,no,
+13349091727,2026-08-11T18:30:59.000Z,2026-08-20T17:14:54.000Z,2,delivered,,,,+13367294181,yes,
+13362104935,2026-08-10T09:00:26.000Z,2026-08-14T16:01:43.000Z,2,delivered,,,,+13367294181,yes,
+13362216505,2026-09-17T14:00:43.000Z,2026-09-17T14:00:43.000Z,1,undelivered,30034,,30034,+13362761896,no,
+13362216855,2026-09-02T13:01:36.000Z,2026-09-09T14:00:37.000Z,2,delivered,,,,+13367294181,yes,
+13362443051,2026-08-11T09:00:56.000Z,2026-09-04T14:03:31.000Z,3,undelivered,30034,,30034,+13367294181 +13362761896,yes,
+13362512444,2026-09-06T14:00:53.000Z,2026-09-06T14:00:53.000Z,1,undelivered,30034,,30034,+13362761896,no,
+13362578124,2026-09-05T14:00:27.000Z,2026-09-05T14:00:27.000Z,1,undelivered,30034,,30034,+13362761896,no,
+13362692757,2026-08-16T14:03:02.000Z,2026-09-24T14:00:21.000Z,2,undelivered,30034,,30034,+13362761896,no,
+13362724571,2026-09-06T14:00:45.000Z,2026-09-06T14:00:45.000Z,1,undelivered,30034,,30034,+13362761896,no,
+13362738663,2026-09-07T14:00:30.000Z,2026-09-07T14:00:30.000Z,1,delivered,,,,+13362761896,no,
+13362804602,2026-09-05T14:00:43.000Z,2026-09-05T14:08:06.000Z,2,failed,21610,,21610,+13362761896,no,
+13362851589,2026-08-11T17:41:34.000Z,2026-08-19T14:01:47.000Z,2,delivered,,,,+13367294181,yes,
+13362920722,2026-09-06T14:00:45.000Z,2026-09-06T14:00:45.000Z,1,undelivered,30005,Unknown destination handset,30005,+13362761896,no,
+13362937312,2026-09-18T14:01:08.000Z,2026-09-18T14:01:08.000Z,1,undelivered,30034,,30034,+13362761896,no,
+13362995544,2026-09-22T14:00:45.000Z,2026-09-22T14:00:45.000Z,1,undelivered,30034,,30034,+13362761896,no,
+13363086596,2026-08-14T22:38:46.000Z,2026-08-20T17:15:40.000Z,2,delivered,,,,+13367294181,yes,
+13363106484,2026-09-05T14:00:30.000Z,2026-09-05T14:00:30.000Z,1,delivered,,,,+13362761896,no,
+13363106984,2026-09-02T13:01:35.000Z,2026-09-09T14:00:37.000Z,2,delivered,,,,+13367294181,yes,
+13363123784,2026-09-22T14:00:30.000Z,2026-09-22T14:00:30.000Z,1,undelivered,30034,,30034,+13362761896,no,
+13363129896,2026-08-16T14:03:05.000Z,2026-09-24T14:00:26.000Z,2,undelivered,30034,,30034,+13362761896,no,
+13363143638,2026-08-16T14:03:03.000Z,2026-09-24T14:00:22.000Z,2,undelivered,30034,,30034,+13362761896,no,
+13363168438,2026-08-16T14:03:03.000Z,2026-09-24T14:00:22.000Z,2,undelivered,30034,,30034,+13362761896,no,
+13363236673,2026-08-16T14:03:18.000Z,2026-09-24T14:00:26.000Z,2,undelivered,30005,Unknown destination handset,30005,+13362761896,no,
+13363330090,2026-09-07T14:00:40.000Z,2026-09-07T14:00:40.000Z,1,undelivered,30034,,30034,+13362761896,no,
+13363342356,2026-08-10T09:00:26.000Z,2026-09-24T14:00:23.000Z,4,undelivered,30034,,30034,+13367294181 +13362761896,yes,
+13363358683,2026-08-16T14:03:05.000Z,2026-09-24T14:00:25.000Z,2,undelivered,30034,,30034,+13362761896,no,
+13363410745,2026-09-18T14:00:44.000Z,2026-09-18T14:00:44.000Z,1,undelivered,30034,,30034,+13362761896,no,
+13363479376,2026-08-11T09:00:58.000Z,2026-08-14T16:02:36.000Z,2,delivered,,,,+13367294181,yes,
+13363549511,2026-09-18T14:01:08.000Z,2026-09-18T14:01:08.000Z,1,undelivered,30034,,30034,+13362761896,no,
+13363558564,2026-08-11T09:01:21.000Z,2026-09-19T14:00:29.000Z,3,undelivered,30034,,30034,+13367294181 +13362761896,yes,
+13363627914,2026-09-06T14:00:58.000Z,2026-09-06T14:00:58.000Z,1,undelivered,30034,,30034,+13362761896,no,
+13363683678,2026-09-18T14:00:57.000Z,2026-09-18T14:00:57.000Z,1,delivered,,,,+13362761896,no,
+13363684151,2026-09-18T14:00:44.000Z,2026-09-18T14:00:44.000Z,1,undelivered,30034,,30034,+13362761896,no,
+13363706710,2026-08-11T09:00:56.000Z,2026-08-14T16:02:02.000Z,2,undelivered,30006,Landline or unreachable carrier,30006,+13367294181,yes,
+13363738331,2026-09-19T14:00:32.000Z,2026-09-19T14:00:32.000Z,1,undelivered,30034,,30034,+13362761896,no,
+13363972970,2026-08-12T14:00:42.000Z,2026-08-27T14:00:17.000Z,4,delivered,,,,+13362761896,no,
+13364081406,2026-08-11T17:40:55.000Z,2026-08-11T17:43:44.000Z,3,delivered,,,21610,+13367294181,yes,
+13364152630,2026-04-22T20:15:15.000Z,2026-04-22T20:15:15.000Z,1,undelivered,30034,,30034,+17439016244,yes,
+13364197935,2026-09-19T14:00:32.000Z,2026-09-19T14:00:32.000Z,1,undelivered,30034,,30034,+13362761896,no,
+13364237327,2026-08-11T17:41:38.000Z,2026-08-20T17:14:53.000Z,2,delivered,,,,+13367294181,yes,
+13364347147,2026-08-16T14:03:05.000Z,2026-09-24T14:00:26.000Z,2,undelivered,30034,,30034,+13362761896,no,
+13364375178,2026-09-28T13:00:36.000Z,2026-10-07T14:00:36.000Z,2,delivered,,,,+13367294181,yes,
+13364449051,2026-09-05T14:00:28.000Z,2026-09-05T14:00:28.000Z,1,delivered,,,,+13362761896,no,
+13364460280,2026-09-19T14:00:46.000Z,2026-09-19T14:00:46.000Z,1,delivered,,,,+13362761896,no,
+13364480324,2026-09-05T14:00:27.000Z,2026-09-05T14:00:27.000Z,1,delivered,,,,+13362761896,no,
+13364482256,2026-09-18T14:00:30.000Z,2026-09-18T14:00:30.000Z,1,undelivered,30005,Unknown destination handset,30005,+13362761896,no,
+13364580465,2026-09-19T14:00:31.000Z,2026-09-19T14:00:31.000Z,1,undelivered,30034,,30034,+13362761896,no,
+13364621920,2026-08-11T10:00:37.000Z,2026-08-20T14:00:34.000Z,2,undelivered,30034,,30034,+13362761896,no,
+13364626271,2026-08-11T10:00:36.000Z,2026-08-20T14:00:42.000Z,2,undelivered,30034,,30034,+13362761896,no,
+13364629047,2026-08-19T02:11:06.000Z,2026-08-19T02:11:06.000Z,1,delivered,,,,+17439016244,yes,
+13364692333,2026-08-10T09:00:25.000Z,2026-08-14T16:01:42.000Z,2,delivered,,,,+13367294181,yes,
+13364734588,2026-08-11T10:00:36.000Z,2026-08-20T14:00:42.000Z,2,undelivered,30034,,30034,+13362761896,no,
+13364756767,2026-08-11T10:00:34.000Z,2026-08-20T14:00:30.000Z,2,undelivered,30034,,30005 30034,+13362761896,no,
+13364835417,2026-08-11T17:40:53.000Z,2026-08-19T14:01:43.000Z,2,delivered,,,,+13367294181,yes,
+13364917220,2026-09-02T13:01:55.000Z,2026-09-09T14:00:37.000Z,2,delivered,,,,+13367294181,yes,
+13365066053,2026-08-17T13:00:14.000Z,2026-08-20T17:15:17.000Z,2,delivered,,,,+13367294181,yes,
+13365090156,2026-08-11T10:00:38.000Z,2026-08-20T14:00:35.000Z,2,undelivered,30034,,30034,+13362761896,no,
+13365104050,2026-09-07T14:00:30.000Z,2026-09-07T14:00:30.000Z,1,delivered,,,,+13362761896,no,
+13365145630,2026-09-19T14:00:44.000Z,2026-09-19T14:00:44.000Z,1,undelivered,30034,,30034,+13362761896,no,
+13365148061,2026-09-01T14:00:16.000Z,2026-09-01T14:00:16.000Z,1,undelivered,30034,,30034,+13362761896,no,
+13365175290,2026-08-11T09:01:37.000Z,2026-08-14T16:02:51.000Z,2,delivered,,,,+13367294181,yes,
+13365213075,2026-08-10T09:00:24.000Z,2026-08-20T14:00:31.000Z,4,undelivered,30034,,30034,+13367294181 +13362761896,yes,
+13365232599,2026-08-11T10:00:34.000Z,2026-08-20T14:00:31.000Z,4,undelivered,30034,,30034,+13362761896 +13367294181,yes,
+13365245796,2026-09-18T14:01:07.000Z,2026-09-18T14:01:07.000Z,1,undelivered,30034,,30034,+13362761896,no,
+13365290835,2026-09-01T14:00:09.000Z,2026-09-01T14:00:09.000Z,1,undelivered,30034,,30034,+13362761896,no,
+13365305914,2026-08-11T17:40:53.000Z,2026-08-19T14:01:43.000Z,2,delivered,,,,+13367294181,yes,
+13365363793,2026-09-19T14:01:01.000Z,2026-09-19T14:01:01.000Z,1,delivered,,,,+13362761896,no,
+13365414580,2026-09-22T14:00:49.000Z,2026-09-22T14:00:49.000Z,1,undelivered,30034,,30034,+13362761896,no,
+13365416268,2026-08-12T14:00:40.000Z,2026-08-27T14:00:08.000Z,2,undelivered,30034,,30034,+13362761896,no,
+13365489648,2026-08-16T14:03:04.000Z,2026-09-24T14:00:25.000Z,2,undelivered,30034,,30034,+13362761896,no,
+13365546294,2026-09-19T14:00:46.000Z,2026-09-19T14:00:46.000Z,1,undelivered,30034,,30034,+13362761896,no,
+13365555545,2026-04-21T22:47:15.000Z,2026-04-22T15:23:05.000Z,4,undelivered,30034,,30034,+17439016244,yes,
+13365557851,2026-04-30T06:11:05.000Z,2026-04-30T06:15:16.000Z,2,undelivered,30034,,30034,+17439016244,yes,
+13365583959,2026-08-11T17:41:43.000Z,2026-08-19T14:01:48.000Z,2,delivered,,,,+13367294181,yes,
+13365595931,2026-08-11T10:00:58.000Z,2026-08-20T14:00:32.000Z,2,delivered,,,,+13362761896,no,
+13365599484,2026-08-16T14:03:03.000Z,2026-09-24T14:00:23.000Z,2,undelivered,30034,,30034,+13362761896,no,
+13365688063,2026-08-10T09:00:44.000Z,2026-09-01T14:00:09.000Z,3,delivered,,,,+13367294181 +13362761896,yes,
+13365773728,2026-09-05T14:00:27.000Z,2026-09-05T14:00:27.000Z,1,undelivered,30034,,30034,+13362761896,no,
+13365797005,2026-09-19T14:00:42.000Z,2026-09-19T14:00:42.000Z,1,undelivered,30034,,30034,+13362761896,no,
+13365905250,2026-08-11T09:00:56.000Z,2026-08-14T16:01:47.000Z,2,delivered,,,,+13367294181,yes,
+13366002484,2026-08-10T09:00:25.000Z,2026-08-20T14:01:48.000Z,5,failed,21610,,21610,+13367294181 +13362761896,yes,
+13366080573,2026-08-12T14:00:39.000Z,2026-08-27T14:00:06.000Z,2,undelivered,30034,,30034,+13362761896,no,
+13366178100,2026-09-20T14:00:27.000Z,2026-09-20T14:00:27.000Z,1,delivered,,,,+13362761896,no,
+13366185314,2026-06-30T16:35:13.000Z,2026-06-30T16:35:13.000Z,1,delivered,,,,+17439016244,yes,
+13366310148,2026-08-11T17:41:36.000Z,2026-08-20T17:14:52.000Z,2,undelivered,30003,Unreachable destination handset,30003,+13367294181,yes,
+13366530631,2026-09-04T14:03:29.000Z,2026-09-04T14:03:29.000Z,1,undelivered,30034,,30034,+13362761896,no,
+13366531252,2026-09-06T14:00:45.000Z,2026-09-06T14:00:45.000Z,1,undelivered,30034,,30034,+13362761896,no,
+13366611021,2026-09-05T14:00:42.000Z,2026-09-05T14:00:42.000Z,1,undelivered,30034,,30034,+13362761896,no,
+13366611392,2026-09-18T14:00:29.000Z,2026-09-18T14:00:29.000Z,1,delivered,,,,+13362761896,no,
+13366682294,2026-09-19T14:00:29.000Z,2026-09-19T14:00:29.000Z,1,undelivered,30034,,30034,+13362761896,no,
+13366682314,2026-09-19T14:00:31.000Z,2026-09-19T14:00:31.000Z,1,delivered,,,,+13362761896,no,
+13366691955,2026-09-07T14:00:40.000Z,2026-09-07T14:00:40.000Z,1,undelivered,30034,,30034,+13362761896,no,
+13366695827,2026-09-22T14:00:30.000Z,2026-09-22T14:00:30.000Z,1,delivered,,,,+13362761896,no,
+13366763213,2026-08-16T14:03:04.000Z,2026-09-24T14:00:25.000Z,2,undelivered,30034,,30034,+13362761896,no,
+13366811966,2026-08-11T17:41:17.000Z,2026-08-19T14:29:12.000Z,6,delivered,,,,+13367294181,yes,
+13366813203,2026-09-04T14:03:42.000Z,2026-09-04T14:03:42.000Z,1,undelivered,30034,,30034,+13362761896,no,
+13366924671,2026-08-11T10:01:35.000Z,2026-08-20T14:00:35.000Z,2,undelivered,30034,,30034,+13362761896,no,
+13366958892,2026-08-28T02:52:31.000Z,2026-09-24T15:49:02.000Z,8,failed,21610,,21610,+17439016244,yes,
+13367032240,2026-08-12T14:01:05.000Z,2026-08-27T14:00:18.000Z,2,delivered,,,,+13362761896,no,
+13367190000,2026-08-14T22:38:23.000Z,2026-08-20T17:15:16.000Z,2,undelivered,30006,Landline or unreachable carrier,30006,+13367294181,yes,
+13367210095,2026-09-05T14:00:28.000Z,2026-09-05T14:00:28.000Z,1,undelivered,30034,,30034,+13362761896,no,
+13367210101,2026-08-12T14:00:41.000Z,2026-08-27T14:00:08.000Z,2,undelivered,30034,,30034,+13362761896,no,
+13367223441,2026-09-18T14:00:44.000Z,2026-09-18T14:00:44.000Z,1,undelivered,30034,,30034,+13362761896,no,
+13367253502,2026-08-12T14:00:39.000Z,2026-08-27T14:00:06.000Z,2,undelivered,30034,,30034,+13362761896,no,
+13367278000,2026-08-12T14:01:05.000Z,2026-08-27T14:00:17.000Z,2,undelivered,30034,,30034,+13362761896,no,
+13367364480,2026-08-16T14:03:05.000Z,2026-09-24T14:00:26.000Z,2,undelivered,30034,,30034,+13362761896,no,
+13367398420,2026-08-11T17:41:18.000Z,2026-08-19T14:02:23.000Z,2,delivered,,,,+13367294181,yes,
+13367445162,2026-09-18T14:01:08.000Z,2026-09-18T14:01:08.000Z,1,undelivered,30034,,30034,+13362761896,no,
+13367451128,2026-09-05T14:00:29.000Z,2026-09-05T14:00:29.000Z,1,undelivered,30034,,30034,+13362761896,no,
+13367513162,2026-09-05T14:00:58.000Z,2026-09-05T14:00:58.000Z,1,undelivered,30034,,30034,+13362761896,no,
+13367624730,2026-09-15T14:00:30.000Z,2026-09-15T14:00:30.000Z,1,undelivered,30034,,30034,+13362761896,no,
+13367658599,2026-08-11T09:01:46.000Z,2026-08-14T16:02:36.000Z,2,delivered,,,,+13367294181,yes,
+13367672910,2026-09-18T14:00:30.000Z,2026-09-18T14:00:30.000Z,1,undelivered,30034,,30034,+13362761896,no,
+13367674660,2026-09-18T14:01:08.000Z,2026-09-18T14:01:08.000Z,1,undelivered,30034,,30034,+13362761896,no,
+13367726268,2026-08-11T09:01:20.000Z,2026-08-11T16:39:23.000Z,3,delivered,,,,+13367294181,yes,
+13367771360,2026-09-17T14:00:28.000Z,2026-09-17T14:00:28.000Z,1,undelivered,30034,,30034,+13362761896,no,
+13367827415,2026-08-12T14:00:38.000Z,2026-08-27T14:00:06.000Z,2,undelivered,30034,,30034,+13362761896,no,
+13367880631,2026-09-05T14:00:58.000Z,2026-09-05T14:00:58.000Z,1,undelivered,30034,,30034,+13362761896,no,
+13367880694,2026-08-12T14:00:39.000Z,2026-08-27T14:00:07.000Z,2,undelivered,30034,,30034,+13362761896,no,
+13368002634,2026-08-11T09:00:56.000Z,2026-09-04T14:03:25.000Z,3,undelivered,30008,Unknown error,30008,+13367294181 +13362761896,yes,
+13368008024,2026-09-07T14:00:30.000Z,2026-09-07T14:00:30.000Z,1,delivered,,,,+13362761896,no,
+13368045155,2026-09-19T14:00:44.000Z,2026-09-19T14:00:44.000Z,1,undelivered,30034,,30034,+13362761896,no,
+13368137797,2026-09-04T14:03:27.000Z,2026-09-04T14:03:27.000Z,1,delivered,,,,+13362761896,no,
+13368138342,2026-08-11T10:00:34.000Z,2026-08-21T12:30:28.000Z,6,delivered,,,30034,+13362761896 +13367294181,yes,
+13368160108,2026-08-11T10:00:34.000Z,2026-08-20T14:00:31.000Z,2,undelivered,30034,,30034,+13362761896,no,
+13368171410,2026-04-22T02:54:52.000Z,2026-09-18T19:11:42.000Z,73,delivered,,,30034,+17439016244,yes,
+13368404522,2026-09-02T13:01:35.000Z,2026-09-09T14:00:37.000Z,2,delivered,,,,+13367294181,yes,
+13368489849,2026-09-05T14:00:43.000Z,2026-09-05T14:00:43.000Z,1,undelivered,30034,,30034,+13362761896,no,
+13368527891,2026-09-07T14:00:29.000Z,2026-09-07T14:00:29.000Z,1,undelivered,30034,,30034,+13362761896,no,
+13368590339,2026-09-02T13:01:36.000Z,2026-09-09T14:00:38.000Z,2,undelivered,30006,Landline or unreachable carrier,30006,+13367294181,yes,
+13368611387,2026-08-17T14:00:24.000Z,2026-08-17T14:00:24.000Z,1,undelivered,30034,,30034,+13362761896,no,
+13368650442,2026-09-18T14:00:29.000Z,2026-09-18T14:00:29.000Z,1,delivered,,,,+13362761896,no,
+13368708172,2026-08-11T10:00:37.000Z,2026-08-20T14:00:43.000Z,2,undelivered,30034,,30034,+13362761896,no,
+13368833441,2026-08-17T14:00:23.000Z,2026-09-24T14:00:30.000Z,2,undelivered,30034,,30034,+13362761896,no,
+13368910770,2026-08-16T14:03:33.000Z,2026-09-24T14:00:27.000Z,2,undelivered,30034,,30034,+13362761896,no,
+13368913087,2026-08-11T10:00:35.000Z,2026-08-20T14:00:32.000Z,2,delivered,,,,+13362761896,no,
+13368946979,2026-08-16T14:03:04.000Z,2026-09-24T14:00:25.000Z,2,undelivered,30034,,30034,+13362761896,no,
+13369015965,2026-08-11T09:01:17.000Z,2026-08-14T16:02:55.000Z,2,undelivered,30003,Unreachable destination handset,30003,+13367294181,yes,
+13369054559,2026-09-19T14:01:01.000Z,2026-09-19T14:01:01.000Z,1,undelivered,30034,,30034,+13362761896,no,
+13369062694,2026-08-11T10:00:38.000Z,2026-08-20T14:00:42.000Z,2,undelivered,30034,,30034,+13362761896,no,
+13369070129,2026-09-19T14:00:44.000Z,2026-09-19T14:00:44.000Z,1,undelivered,30034,,30034,+13362761896,no,
+13369079096,2026-09-04T14:03:16.000Z,2026-09-04T14:03:16.000Z,1,undelivered,30005,Unknown destination handset,30005,+13362761896,no,
+13369343030,2026-08-12T14:01:05.000Z,2026-08-27T14:00:18.000Z,2,undelivered,30034,,30034,+13362761896,no,
+13369401530,2026-06-08T14:43:49.000Z,2026-06-08T14:43:49.000Z,1,delivered,,,,+17439016244,yes,
+13369418957,2026-08-11T17:40:54.000Z,2026-08-19T14:01:44.000Z,2,undelivered,30003,Unreachable destination handset,30003,+13367294181,yes,
+13369434156,2026-08-11T10:00:37.000Z,2026-08-20T14:00:34.000Z,2,undelivered,30034,,30034,+13362761896,no,
+13369455537,2026-08-12T14:00:40.000Z,2026-08-27T14:00:07.000Z,2,undelivered,30034,,30034,+13362761896,no,
+13369541516,2026-09-19T14:00:31.000Z,2026-09-19T14:00:31.000Z,1,undelivered,30034,,30034,+13362761896,no,
+13369542650,2026-08-10T09:00:45.000Z,2026-09-17T14:00:45.000Z,4,undelivered,30034,,30034,+13367294181 +13362761896,yes,
+13369631490,2026-09-18T14:01:08.000Z,2026-09-18T14:01:08.000Z,1,undelivered,30034,,30034,+13362761896,no,
+13369650004,2026-08-10T09:01:05.000Z,2026-08-14T16:04:03.000Z,3,failed,21610,,21610,+13367294181,yes,
+13369652030,2026-08-16T14:03:04.000Z,2026-09-24T14:00:25.000Z,2,undelivered,30034,,30034,+13362761896,no,
+13369654210,2026-08-16T14:03:03.000Z,2026-09-24T14:00:22.000Z,2,undelivered,30034,,30034,+13362761896,no,
+13369725676,2026-09-18T14:00:44.000Z,2026-09-18T14:00:44.000Z,1,undelivered,30034,,30034,+13362761896,no,
+13369727606,2026-09-14T15:39:23.000Z,2026-09-14T16:08:50.000Z,3,delivered,,,,+13367294181,yes,
+13369784761,2026-04-22T15:36:31.000Z,2026-04-22T15:36:31.000Z,1,undelivered,30034,,30034,+17439016244,yes,
+13369862614,2026-08-11T09:00:58.000Z,2026-09-18T14:00:28.000Z,3,undelivered,30034,,30034,+13367294181 +13362761896,yes,
+13369933011,2026-09-18T14:01:08.000Z,2026-09-18T14:01:08.000Z,1,undelivered,30034,,30034,+13362761896,no,
+13369953214,2026-08-10T09:00:25.000Z,2026-08-20T14:00:33.000Z,4,undelivered,30034,,30034,+13367294181 +13362761896,yes,
+13369955711,2026-08-12T14:01:11.000Z,2026-08-27T14:00:17.000Z,2,undelivered,30034,,30034,+13362761896,no,
+13369977249,2026-08-11T09:00:57.000Z,2026-09-18T14:00:28.000Z,3,undelivered,30034,,30034,+13367294181 +13362761896,yes,
+13369983000,2026-09-05T14:00:43.000Z,2026-09-05T14:00:43.000Z,1,undelivered,30034,,30034,+13362761896,no,
+13372149100,2026-08-18T14:01:21.000Z,2026-08-18T14:01:21.000Z,1,undelivered,30034,,30034,+13362761896,no,
+13465426185,2026-08-16T14:03:17.000Z,2026-09-24T14:00:24.000Z,2,undelivered,30034,,30034,+13362761896,no,
+13472592506,2026-09-18T14:01:07.000Z,2026-09-18T14:01:07.000Z,1,undelivered,30034,,30034,+13362761896,no,
+13523166014,2026-09-03T14:03:11.000Z,2026-09-03T14:03:11.000Z,1,undelivered,30034,,30034,+13362761896,no,
+13863376193,2026-07-29T16:20:33.000Z,2026-07-29T16:20:33.000Z,1,delivered,,,,+17439016244,yes,
+14042272002,2026-08-23T14:02:04.000Z,2026-08-23T14:02:04.000Z,1,undelivered,30034,,30034,+13362761896,no,
+14042282371,2026-09-10T14:00:52.000Z,2026-09-10T14:00:52.000Z,1,undelivered,30034,,30034,+13362761896,no,
+14043088359,2026-09-10T14:00:44.000Z,2026-09-10T14:00:44.000Z,1,undelivered,30034,,30034,+13362761896,no,
+14043143390,2026-08-22T14:01:44.000Z,2026-08-22T14:01:44.000Z,1,undelivered,30034,,30034,+13362761896,no,
+14043173554,2026-09-24T14:00:38.000Z,2026-09-24T14:00:38.000Z,1,undelivered,30034,,30034,+13362761896,no,
+14043373294,2026-09-11T14:00:27.000Z,2026-09-11T14:00:27.000Z,1,undelivered,30034,,30034,+13362761896,no,
+14043388641,2026-09-11T14:00:27.000Z,2026-09-11T14:00:27.000Z,1,undelivered,30034,,30034,+13362761896,no,
+14043582850,2026-09-11T14:00:38.000Z,2026-09-11T14:00:38.000Z,1,undelivered,30034,,30034,+13362761896,no,
+14044108614,2026-08-22T14:01:44.000Z,2026-08-22T14:01:44.000Z,1,delivered,,,,+13362761896,no,
+14044233757,2026-09-04T14:03:24.000Z,2026-09-04T14:03:24.000Z,1,undelivered,30034,,30034,+13362761896,no,
+14044466477,2026-09-17T14:00:44.000Z,2026-09-17T14:00:44.000Z,1,undelivered,30034,,30034,+13362761896,no,
+14044792318,2026-08-22T14:01:29.000Z,2026-08-22T21:54:53.000Z,2,failed,21610,,21610,+13362761896,no,
+14044836190,2026-08-23T14:02:05.000Z,2026-08-23T14:02:05.000Z,1,undelivered,30034,,30034,+13362761896,no,
+14044971600,2026-09-17T14:00:30.000Z,2026-09-17T14:00:30.000Z,1,undelivered,30034,,30034,+13362761896,no,
+14045166455,2026-08-22T14:02:14.000Z,2026-08-22T14:02:14.000Z,1,undelivered,30034,,30034,+13362761896,no,
+14045379048,2026-09-11T14:00:28.000Z,2026-09-11T14:00:28.000Z,1,delivered,,,,+13362761896,no,
+14045381625,2026-09-17T14:00:30.000Z,2026-09-17T14:00:30.000Z,1,undelivered,30034,,30034,+13362761896,no,
+14045408429,2026-08-22T14:02:14.000Z,2026-08-22T14:02:14.000Z,1,undelivered,30034,,30034,+13362761896,no,
+14045420951,2026-09-24T14:00:35.000Z,2026-09-24T14:00:35.000Z,1,undelivered,30034,,30034,+13362761896,no,
+14045477109,2026-08-22T14:02:14.000Z,2026-08-22T14:02:14.000Z,1,undelivered,30034,,30034,+13362761896,no,
+14045591592,2026-09-11T14:00:39.000Z,2026-09-11T14:00:39.000Z,1,delivered,,,,+13362761896,no,
+14046066298,2026-08-21T14:03:24.000Z,2026-08-21T14:03:24.000Z,1,undelivered,30034,,30034,+13362761896,no,
+14046227681,2026-08-23T14:01:51.000Z,2026-08-23T14:01:51.000Z,1,undelivered,30034,,30034,+13362761896,no,
+14046553355,2026-08-21T14:03:24.000Z,2026-08-21T14:03:24.000Z,1,undelivered,30034,,30034,+13362761896,no,
+14047163181,2026-09-10T14:00:58.000Z,2026-09-10T14:00:58.000Z,1,undelivered,30034,,30034,+13362761896,no,
+14047299537,2026-09-04T14:03:28.000Z,2026-09-04T14:03:28.000Z,1,undelivered,30034,,30034,+13362761896,no,
+14047387671,2026-08-23T14:01:35.000Z,2026-08-23T14:01:35.000Z,1,delivered,,,,+13362761896,no,
+14047513536,2026-08-21T14:03:55.000Z,2026-08-21T14:03:55.000Z,1,delivered,,,,+13362761896,no,
+14047517749,2026-09-10T14:00:59.000Z,2026-09-10T14:00:59.000Z,1,undelivered,30034,,30034,+13362761896,no,
+14048397864,2026-08-21T14:03:24.000Z,2026-08-21T14:03:24.000Z,1,undelivered,30034,,30034,+13362761896,no,
+14048601185,2026-08-22T14:01:29.000Z,2026-08-22T14:01:29.000Z,1,delivered,,,,+13362761896,no,
+14049246959,2026-08-21T14:03:40.000Z,2026-08-21T14:03:40.000Z,1,delivered,,,,+13362761896,no,
+14049267057,2026-09-24T14:00:27.000Z,2026-09-24T14:00:27.000Z,1,undelivered,30034,,30034,+13362761896,no,
+14049325829,2026-09-22T14:00:47.000Z,2026-09-22T14:00:47.000Z,1,undelivered,30034,,30034,+13362761896,no,
+14049668440,2026-09-24T14:00:36.000Z,2026-09-24T14:00:36.000Z,1,undelivered,30034,,30034,+13362761896,no,
+14049748426,2026-09-02T14:00:33.000Z,2026-09-02T14:00:33.000Z,1,undelivered,30034,,30034,+13362761896,no,
+14049804104,2026-09-11T14:00:38.000Z,2026-09-11T14:00:38.000Z,1,undelivered,30034,,30034,+13362761896,no,
+14049933371,2026-09-11T14:00:29.000Z,2026-09-11T14:00:29.000Z,1,undelivered,30034,,30034,+13362761896,no,
+14065178436,2026-09-14T14:00:42.000Z,2026-09-14T14:00:42.000Z,1,undelivered,30034,,30034,+13362761896,no,
+14072570527,2026-09-08T14:00:28.000Z,2026-09-08T14:00:28.000Z,1,undelivered,30034,,30034,+13362761896,no,
+14078070773,2026-08-21T14:04:10.000Z,2026-08-21T14:04:10.000Z,1,delivered,,,,+13362761896,no,
+14146271444,2026-09-24T14:00:39.000Z,2026-09-24T14:00:39.000Z,1,undelivered,30034,,30034,+13362761896,no,
+14152463450,2026-08-29T14:01:00.000Z,2026-08-29T14:01:00.000Z,1,undelivered,30034,,30034,+13362761896,no,
+14232186900,2026-08-31T14:00:36.000Z,2026-08-31T14:00:36.000Z,1,delivered,,,,+13362761896,no,
+14232189882,2026-09-01T14:00:04.000Z,2026-09-01T14:00:04.000Z,1,undelivered,30034,,30034,+13362761896,no,
+14232254211,2026-08-31T14:00:32.000Z,2026-08-31T14:00:32.000Z,1,undelivered,30034,,30034,+13362761896,no,
+14232275032,2026-08-30T14:00:43.000Z,2026-08-30T14:00:43.000Z,1,undelivered,30034,,30034,+13362761896,no,
+14232423690,2026-08-30T14:00:43.000Z,2026-08-30T14:00:43.000Z,1,undelivered,30034,,30034,+13362761896,no,
+14232482821,2026-09-16T14:01:01.000Z,2026-09-16T14:01:01.000Z,1,delivered,,,,+13362761896,no,
+14232485153,2026-09-12T14:00:35.000Z,2026-09-12T14:00:35.000Z,1,undelivered,30034,,30034,+13362761896,no,
+14232684544,2026-08-11T17:41:13.000Z,2026-08-19T14:01:53.000Z,2,delivered,,,,+13367294181,yes,
+14233050602,2026-09-04T14:03:12.000Z,2026-09-04T14:03:12.000Z,1,delivered,,,,+13362761896,no,
+14233154022,2026-08-31T14:01:03.000Z,2026-08-31T14:01:03.000Z,1,undelivered,30034,,30034,+13362761896,no,
+14233325718,2026-08-31T14:00:32.000Z,2026-08-31T14:00:32.000Z,1,undelivered,30034,,30034,+13362761896,no,
+14233563066,2026-09-04T14:03:24.000Z,2026-09-04T14:03:24.000Z,1,undelivered,30034,,30034,+13362761896,no,
+14233801985,2026-09-16T14:00:52.000Z,2026-09-16T14:00:52.000Z,1,delivered,,,,+13362761896,no,
+14234007183,2026-08-27T14:00:28.000Z,2026-08-27T14:00:28.000Z,1,undelivered,30034,,30034,+13362761896,no,
+14234027210,2026-08-31T14:00:33.000Z,2026-08-31T14:00:33.000Z,1,undelivered,30034,,30034,+13362761896,no,
+14234170399,2026-09-15T14:00:42.000Z,2026-09-15T14:00:42.000Z,1,undelivered,30034,,30034,+13362761896,no,
+14234630376,2026-08-31T14:00:36.000Z,2026-08-31T14:01:04.000Z,2,delivered,,,,+13362761896,no,
+14234681155,2026-08-31T14:00:35.000Z,2026-08-31T14:00:35.000Z,1,undelivered,30034,,30034,+13362761896,no,
+14234706532,2026-08-11T17:40:54.000Z,2026-08-19T14:01:44.000Z,2,delivered,,,,+13367294181,yes,
+14234793611,2026-08-31T14:00:48.000Z,2026-08-31T14:00:48.000Z,1,undelivered,30005,Unknown destination handset,30005,+13362761896,no,
+14235168887,2026-09-18T14:00:27.000Z,2026-09-18T14:00:27.000Z,1,delivered,,,,+13362761896,no,
+14235210555,2026-09-16T14:01:07.000Z,2026-09-16T14:01:07.000Z,1,undelivered,30034,,30034,+13362761896,no,
+14235257401,2026-08-25T14:01:18.000Z,2026-08-25T14:01:18.000Z,1,undelivered,30034,,30034,+13362761896,no,
+14235419380,2026-09-17T14:00:58.000Z,2026-09-17T14:00:58.000Z,1,undelivered,30034,,30034,+13362761896,no,
+14235564882,2026-09-16T14:00:46.000Z,2026-09-16T14:00:46.000Z,1,delivered,,,,+13362761896,no,
+14235647177,2026-08-30T14:00:44.000Z,2026-08-30T14:00:44.000Z,1,undelivered,30008,Unknown error,30008,+13362761896,no,
+14235820791,2026-08-30T14:00:43.000Z,2026-08-30T14:00:43.000Z,1,undelivered,30034,,30034,+13362761896,no,
+14235928088,2026-08-30T14:00:44.000Z,2026-09-01T17:50:17.000Z,4,delivered,,,,+13362761896,no,
+14235986044,2026-08-31T14:00:32.000Z,2026-08-31T14:00:32.000Z,1,undelivered,30034,,30034,+13362761896,no,
+14236191973,2026-08-31T14:01:03.000Z,2026-08-31T14:01:03.000Z,1,undelivered,30034,,30034,+13362761896,no,
+14236226293,2026-08-31T14:00:35.000Z,2026-08-31T14:00:35.000Z,1,undelivered,30034,,30034,+13362761896,no,
+14236338287,2026-09-16T14:01:07.000Z,2026-09-16T14:01:07.000Z,1,undelivered,30034,,30034,+13362761896,no,
+14236379180,2026-08-31T14:00:32.000Z,2026-08-31T14:00:32.000Z,1,undelivered,30034,,30034,+13362761896,no,
+14236390893,2026-09-12T14:00:55.000Z,2026-09-14T14:00:28.000Z,2,delivered,,,,+13362761896,no,
+14236482353,2026-08-30T14:00:59.000Z,2026-08-30T14:00:59.000Z,1,undelivered,30034,,30034,+13362761896,no,
+14236615585,2026-08-30T14:00:59.000Z,2026-08-30T14:00:59.000Z,1,undelivered,30034,,30034,+13362761896,no,
+14236642213,2026-08-30T14:00:42.000Z,2026-08-30T14:00:42.000Z,1,undelivered,30034,,30034,+13362761896,no,
+14236672864,2026-08-31T14:00:36.000Z,2026-08-31T14:00:36.000Z,1,undelivered,30034,,30034,+13362761896,no,
+14236823430,2026-08-31T14:00:33.000Z,2026-08-31T14:00:33.000Z,1,undelivered,30034,,30034,+13362761896,no,
+14236936276,2026-09-16T14:00:58.000Z,2026-09-16T14:00:58.000Z,1,undelivered,30034,,30034,+13362761896,no,
+14236988511,2026-09-08T14:00:43.000Z,2026-09-08T14:00:43.000Z,1,undelivered,30005,Unknown destination handset,30005,+13362761896,no,
+14237560090,2026-08-31T14:00:33.000Z,2026-08-31T14:00:33.000Z,1,undelivered,30005,Unknown destination handset,30005,+13362761896,no,
+14237575162,2026-08-31T14:01:03.000Z,2026-08-31T14:01:03.000Z,1,undelivered,30034,,30034,+13362761896,no,
+14237601276,2026-08-31T14:00:34.000Z,2026-08-31T14:00:34.000Z,1,undelivered,30034,,30034,+13362761896,no,
+14237626588,2026-09-18T14:00:27.000Z,2026-09-18T14:00:27.000Z,1,undelivered,30034,,30034,+13362761896,no,
+14238005967,2026-08-31T14:00:51.000Z,2026-08-31T14:00:51.000Z,1,delivered,,,,+13362761896,no,
+14238028254,2026-08-31T14:00:34.000Z,2026-08-31T14:00:34.000Z,1,undelivered,30034,,30034,+13362761896,no,
+14238551417,2026-08-31T14:00:33.000Z,2026-08-31T14:00:33.000Z,1,undelivered,30034,,30034,+13362761896,no,
+14238925242,2026-08-31T14:00:33.000Z,2026-08-31T14:00:33.000Z,1,undelivered,30034,,30034,+13362761896,no,
+14239911999,2026-08-31T14:01:03.000Z,2026-08-31T14:01:03.000Z,1,undelivered,30034,,30034,+13362761896,no,
+14323104150,2026-09-27T22:24:11.000Z,2026-09-29T23:57:00.000Z,3,delivered,,,,+17439016244,yes,
+14343217999,2026-08-11T09:01:44.000Z,2026-08-14T16:03:27.000Z,2,delivered,,,,+13367294181,yes,
+14346324788,2026-08-19T14:01:22.000Z,2026-09-02T14:20:36.000Z,4,failed,21610,,30034 21610,+13362761896 +13367294181,yes,
+14435223218,2026-08-11T09:00:58.000Z,2026-08-14T16:02:36.000Z,2,delivered,,,,+13367294181,yes,
+14439297731,2026-08-12T14:01:11.000Z,2026-08-27T14:00:22.000Z,2,undelivered,30034,,30034,+13362761896,no,
+14697038082,2026-08-26T14:01:28.000Z,2026-08-26T14:01:28.000Z,1,delivered,,,,+13362761896,no,
+14702346599,2026-08-22T14:01:28.000Z,2026-08-22T14:01:28.000Z,1,undelivered,30034,,30034,+13362761896,no,
+14702440977,2026-08-11T18:31:19.000Z,2026-09-10T14:00:58.000Z,3,undelivered,30034,,30034,+13367294181 +13362761896,yes,
+14702752305,2026-09-02T14:00:55.000Z,2026-09-02T14:00:55.000Z,1,delivered,,,,+13362761896,no,
+14703651370,2026-09-08T14:00:27.000Z,2026-09-08T14:00:27.000Z,1,undelivered,30034,,30034,+13362761896,no,
+14704309057,2026-08-22T14:01:28.000Z,2026-08-22T14:01:28.000Z,1,undelivered,30034,,30034,+13362761896,no,
+14704654988,2026-08-22T14:01:45.000Z,2026-08-22T14:01:45.000Z,1,delivered,,,,+13362761896,no,
+14704814006,2026-08-21T14:03:53.000Z,2026-08-21T14:03:53.000Z,1,delivered,,,,+13362761896,no,
+14704929890,2026-08-30T14:00:45.000Z,2026-08-30T14:00:45.000Z,1,undelivered,30034,,30034,+13362761896,no,
+14705028141,2026-08-22T14:01:59.000Z,2026-08-22T14:01:59.000Z,1,delivered,,,,+13362761896,no,
+14705728718,2026-08-22T14:02:00.000Z,2026-08-22T14:02:00.000Z,1,undelivered,30034,,30034,+13362761896,no,
+14705730664,2026-08-22T14:01:59.000Z,2026-08-22T14:01:59.000Z,1,undelivered,30034,,30034,+13362761896,no,
+14705750602,2026-08-22T14:01:30.000Z,2026-08-22T14:01:30.000Z,1,delivered,,,,+13362761896,no,
+14705777977,2026-08-21T14:03:38.000Z,2026-08-21T14:03:38.000Z,1,delivered,,,,+13362761896,no,
+14706064311,2026-09-24T14:00:36.000Z,2026-09-24T14:00:36.000Z,1,undelivered,30034,,30034,+13362761896,no,
+14706620572,2026-09-15T14:00:42.000Z,2026-09-15T14:00:42.000Z,1,undelivered,30034,,30034,+13362761896,no,
+14706725975,2026-09-24T14:00:52.000Z,2026-09-24T14:00:52.000Z,1,delivered,,,,+13362761896,no,
+14706764370,2026-09-24T14:00:26.000Z,2026-09-24T14:00:26.000Z,1,undelivered,30034,,30034,+13362761896,no,
+14707724867,2026-09-10T14:00:29.000Z,2026-09-10T14:00:29.000Z,1,undelivered,30034,,30034,+13362761896,no,
+14708221285,2026-08-23T14:01:50.000Z,2026-08-23T14:01:50.000Z,1,delivered,,,,+13362761896,no,
+14708264882,2026-08-23T14:01:34.000Z,2026-08-23T14:01:34.000Z,1,undelivered,30005,Unknown destination handset,30005,+13362761896,no,
+14708340523,2026-09-24T14:00:37.000Z,2026-09-24T14:00:37.000Z,1,undelivered,30034,,30034,+13362761896,no,
+14709980351,2026-09-11T14:00:28.000Z,2026-09-11T14:00:28.000Z,1,undelivered,30034,,30034,+13362761896,no,
+14783423667,2026-09-10T14:00:46.000Z,2026-09-10T14:00:46.000Z,1,undelivered,30034,,30034,+13362761896,no,
+14783758868,2026-08-23T14:01:49.000Z,2026-08-23T14:01:49.000Z,1,delivered,,,,+13362761896,no,
+14785010358,2026-09-24T14:00:36.000Z,2026-09-24T14:00:36.000Z,1,undelivered,30034,,30034,+13362761896,no,
+14785015700,2026-08-23T14:01:35.000Z,2026-08-23T14:01:35.000Z,1,undelivered,30034,,30034,+13362761896,no,
+14786665307,2026-08-23T14:01:34.000Z,2026-08-23T14:01:34.000Z,1,delivered,,,,+13362761896,no,
+15019456000,2026-08-25T14:02:17.000Z,2026-08-25T14:02:17.000Z,1,delivered,,,,+13362761896,no,
+15042653773,2026-08-25T14:01:48.000Z,2026-08-25T14:01:48.000Z,1,undelivered,30034,,30034,+13362761896,no,
+15099532400,2026-08-16T14:03:03.000Z,2026-09-24T14:00:23.000Z,2,undelivered,30034,,30034,+13362761896,no,
+15402364418,2026-09-09T14:01:18.000Z,2026-09-09T14:01:18.000Z,1,undelivered,30034,,30034,+13362761896,no,
+15404354231,2026-08-19T14:01:23.000Z,2026-08-19T14:01:23.000Z,1,undelivered,30034,,30034,+13362761896,no,
+15405516678,2026-08-21T14:03:24.000Z,2026-08-21T14:03:24.000Z,1,undelivered,30034,,30034,+13362761896,no,
+15409671055,2026-08-19T14:01:51.000Z,2026-08-19T14:01:51.000Z,1,undelivered,30034,,30034,+13362761896,no,
+15555555555,2026-05-01T02:14:06.000Z,2026-07-25T18:00:03.000Z,12,failed,21211,,21211,+17439016244,yes,555-test-number
+155555555555,2026-05-01T18:57:16.000Z,2026-05-01T21:34:44.000Z,5,failed,21211,,21211,+17439016244,yes,555-test-number
+15712465484,2026-09-09T14:00:47.000Z,2026-09-09T14:00:47.000Z,1,undelivered,30034,,30034,+13362761896,no,
+15717789967,2026-08-20T14:01:56.000Z,2026-08-20T14:01:56.000Z,1,undelivered,30034,,30034,+13362761896,no,
+16037142306,2026-09-03T14:03:09.000Z,2026-09-03T14:03:09.000Z,1,undelivered,30034,,30034,+13362761896,no,
+16095030757,2026-09-22T14:00:45.000Z,2026-09-22T14:00:45.000Z,1,undelivered,30034,,30034,+13362761896,no,
+16105954152,2026-08-12T14:00:40.000Z,2026-08-25T00:05:43.000Z,2,failed,21610,,21610,+13362761896,no,
+16146717337,2026-08-14T13:00:56.000Z,2026-08-20T17:15:14.000Z,2,delivered,,,,+13367294181,yes,
+16152008262,2026-08-25T14:01:18.000Z,2026-08-25T14:01:18.000Z,1,delivered,,,,+13362761896,no,
+16152100161,2026-08-24T14:00:44.000Z,2026-08-24T14:00:44.000Z,1,undelivered,30034,,30034,+13362761896,no,
+16152406240,2026-08-25T14:01:16.000Z,2026-08-25T14:01:16.000Z,1,undelivered,30034,,30034,+13362761896,no,
+16152422997,2026-09-11T14:00:46.000Z,2026-09-11T14:00:46.000Z,1,undelivered,30034,,30034,+13362761896,no,
+16152556309,2026-09-24T14:00:40.000Z,2026-09-24T14:00:40.000Z,1,delivered,,,,+13362761896,no,
+16152565150,2026-09-24T14:00:40.000Z,2026-09-24T14:00:40.000Z,1,undelivered,30005,Unknown destination handset,30005,+13362761896,no,
+16152671290,2026-08-21T13:00:27.000Z,2026-08-21T18:20:45.000Z,3,delivered,,,,+13367294181,yes,
+16152935608,2026-08-23T14:01:51.000Z,2026-08-23T14:01:51.000Z,1,undelivered,30034,,30034,+13362761896,no,
+16153053316,2026-08-21T13:00:25.000Z,2026-09-03T14:03:09.000Z,3,undelivered,30034,,30034,+13367294181 +13362761896,yes,
+16153640474,2026-08-24T14:00:45.000Z,2026-08-24T14:00:45.000Z,1,undelivered,30034,,30034,+13362761896,no,
+16153651960,2026-08-24T14:00:57.000Z,2026-08-24T14:00:57.000Z,1,delivered,,,,+13362761896,no,
+16153890873,2026-09-24T14:00:53.000Z,2026-09-24T14:00:53.000Z,1,undelivered,30034,,30034,+13362761896,no,
+16153941831,2026-08-21T13:00:28.000Z,2026-08-25T16:03:55.000Z,2,delivered,,,,+13367294181,yes,
+16153970364,2026-09-17T14:00:45.000Z,2026-09-17T14:00:45.000Z,1,undelivered,30034,,30034,+13362761896,no,
+16154194290,2026-08-25T14:01:16.000Z,2026-08-25T14:01:16.000Z,1,undelivered,30034,,30034,+13362761896,no,
+16154562573,2026-08-25T14:01:17.000Z,2026-08-25T14:01:17.000Z,1,undelivered,30034,,30034,+13362761896,no,
+16154658124,2026-09-23T14:00:42.000Z,2026-09-23T14:00:42.000Z,1,delivered,,,,+13362761896,no,
+16154777777,2026-08-24T14:00:43.000Z,2026-08-24T14:00:43.000Z,1,undelivered,30034,,30034,+13362761896,no,
+16154818158,2026-09-11T14:00:31.000Z,2026-09-11T14:00:31.000Z,1,undelivered,30034,,30034,+13362761896,no,
+16154825590,2026-08-25T14:01:17.000Z,2026-08-25T14:01:17.000Z,1,undelivered,30034,,30034,+13362761896,no,
+16154890233,2026-08-24T14:00:40.000Z,2026-08-24T14:00:40.000Z,1,undelivered,30034,,30034,+13362761896,no,
+16154963900,2026-08-21T13:00:39.000Z,2026-08-21T13:04:18.000Z,16,failed,21610,,21610,+13367294181,yes,
+16154989034,2026-09-03T14:03:10.000Z,2026-09-03T14:03:10.000Z,1,undelivered,30034,,30034,+13362761896,no,
+16155050505,2026-09-12T14:00:28.000Z,2026-09-12T14:00:28.000Z,1,undelivered,30034,,30034,+13362761896,no,
+16155068181,2026-08-24T14:00:44.000Z,2026-08-24T14:00:44.000Z,1,undelivered,30034,,30034,+13362761896,no,
+16155383857,2026-08-21T13:00:27.000Z,2026-08-25T16:03:48.000Z,2,delivered,,,,+13367294181,yes,
+16155443752,2026-08-24T14:01:12.000Z,2026-08-24T14:01:12.000Z,1,delivered,,,,+13362761896,no,
+16155579511,2026-08-23T14:01:51.000Z,2026-08-23T14:01:51.000Z,1,undelivered,30034,,30034,+13362761896,no,
+16155688895,2026-08-24T14:00:42.000Z,2026-08-24T14:00:42.000Z,1,undelivered,30034,,30034,+13362761896,no,
+16155761694,2026-08-21T13:00:27.000Z,2026-08-21T14:37:53.000Z,3,delivered,,,,+13367294181,yes,
+16155848269,2026-08-21T13:00:37.000Z,2026-08-25T16:03:47.000Z,2,delivered,,,,+13367294181,yes,
+16155933136,2026-09-03T14:03:10.000Z,2026-09-03T14:03:10.000Z,1,undelivered,30034,,30034,+13362761896,no,
+16156002598,2026-09-11T14:00:46.000Z,2026-09-11T14:00:46.000Z,1,undelivered,30034,,30034,+13362761896,no,
+16156095971,2026-08-21T13:00:38.000Z,2026-08-25T16:03:48.000Z,2,delivered,,,,+13367294181,yes,
+16156225501,2026-08-24T14:00:42.000Z,2026-08-24T14:00:42.000Z,1,delivered,,,,+13362761896,no,
+16156300674,2026-08-23T14:01:51.000Z,2026-08-23T14:01:51.000Z,1,undelivered,30034,,30034,+13362761896,no,
+16157080222,2026-09-15T14:00:42.000Z,2026-09-15T14:00:42.000Z,1,undelivered,30034,,30034,+13362761896,no,
+16157323695,2026-08-24T14:00:42.000Z,2026-08-24T14:00:42.000Z,1,undelivered,30005,Unknown destination handset,30005,+13362761896,no,
+16157387878,2026-08-24T14:01:12.000Z,2026-08-24T14:01:12.000Z,1,undelivered,30034,,30034,+13362761896,no,
+16157426195,2026-09-24T14:01:07.000Z,2026-09-24T14:01:07.000Z,1,undelivered,30005,Unknown destination handset,30005,+13362761896,no,
+16157565330,2026-09-12T14:00:34.000Z,2026-09-12T14:00:34.000Z,1,undelivered,30034,,30034,+13362761896,no,
+16157628058,2026-08-17T14:00:38.000Z,2026-08-17T14:00:38.000Z,1,undelivered,30034,,30034,+13362761896,no,
+16157696159,2026-09-22T14:00:47.000Z,2026-09-22T14:00:47.000Z,1,undelivered,30034,,30034,+13362761896,no,
+16157724280,2026-09-11T14:00:54.000Z,2026-09-11T14:00:54.000Z,1,undelivered,30034,,30034,+13362761896,no,
+16157826700,2026-09-12T14:00:35.000Z,2026-09-12T14:00:35.000Z,1,undelivered,30034,,30034,+13362761896,no,
+16157859764,2026-08-24T14:00:41.000Z,2026-08-24T14:00:41.000Z,1,undelivered,30034,,30034,+13362761896,no,
+16158069269,2026-08-23T14:01:50.000Z,2026-08-23T14:01:50.000Z,1,undelivered,30034,,30034,+13362761896,no,
+16158106423,2026-09-12T14:00:34.000Z,2026-09-12T14:00:34.000Z,1,undelivered,30034,,30034,+13362761896,no,
+16158136476,2026-09-18T14:00:42.000Z,2026-09-18T14:00:42.000Z,1,delivered,,,,+13362761896,no,
+16158214127,2026-09-03T14:03:10.000Z,2026-09-03T14:03:10.000Z,1,undelivered,30034,,30034,+13362761896,no,
+16158215566,2026-09-11T14:00:31.000Z,2026-09-11T14:00:31.000Z,1,undelivered,30034,,30034,+13362761896,no,
+16158346464,2026-09-24T14:01:37.000Z,2026-09-24T14:01:37.000Z,1,delivered,,,,+13362761896,no,
+16158406367,2026-08-25T14:01:17.000Z,2026-08-25T14:01:17.000Z,1,undelivered,30006,Landline or unreachable carrier,30006,+13362761896,no,
+16158429300,2026-08-21T13:00:27.000Z,2026-08-25T16:03:48.000Z,3,undelivered,30003,Unreachable destination handset,30003 30034,+13367294181 +13362761896,yes,
+16158669296,2026-09-24T14:01:22.000Z,2026-09-24T14:01:22.000Z,1,undelivered,30006,Landline or unreachable carrier,30006,+13362761896,no,
+16158761400,2026-08-24T14:00:45.000Z,2026-08-24T14:00:45.000Z,1,undelivered,30034,,30034,+13362761896,no,
+16158789744,2026-08-23T14:01:38.000Z,2026-08-23T14:01:38.000Z,1,undelivered,30034,,30034,+13362761896,no,
+16158806833,2026-08-21T13:00:26.000Z,2026-08-25T16:03:47.000Z,2,delivered,,,,+13367294181,yes,
+16158911613,2026-09-23T14:01:27.000Z,2026-09-23T14:01:27.000Z,1,delivered,,,,+13362761896,no,
+16159041601,2026-09-24T14:00:50.000Z,2026-09-24T14:00:50.000Z,1,undelivered,30006,Landline or unreachable carrier,30006,+13362761896,no,
+16159108591,2026-09-12T14:00:28.000Z,2026-09-14T14:00:26.000Z,2,undelivered,30034,,30034,+13362761896,no,
+16159319801,2026-09-24T14:00:40.000Z,2026-09-24T14:00:40.000Z,1,undelivered,30034,,30034,+13362761896,no,
+16159399639,2026-08-24T14:00:43.000Z,2026-08-24T14:00:43.000Z,1,undelivered,30034,,30034,+13362761896,no,
+16159614097,2026-09-03T14:03:10.000Z,2026-09-03T14:03:10.000Z,1,undelivered,30034,,30034,+13362761896,no,
+16159617722,2026-08-24T14:00:41.000Z,2026-08-24T14:00:41.000Z,1,undelivered,30034,,30034,+13362761896,no,
+16159654011,2026-08-24T14:00:46.000Z,2026-08-24T14:01:25.000Z,2,failed,21610,,21610,+13362761896,no,
+16159696040,2026-09-22T14:00:33.000Z,2026-09-22T14:00:33.000Z,1,undelivered,30034,,30034,+13362761896,no,
+16159696516,2026-08-24T14:00:40.000Z,2026-08-24T14:00:40.000Z,1,undelivered,30034,,30034,+13362761896,no,
+16159742222,2026-08-24T14:00:45.000Z,2026-08-24T14:00:45.000Z,1,undelivered,30034,,30034,+13362761896,no,
+16159751719,2026-08-21T13:00:28.000Z,2026-08-25T16:03:48.000Z,2,delivered,,,,+13367294181,yes,
+16159790966,2026-09-04T14:03:28.000Z,2026-09-04T14:03:28.000Z,1,undelivered,30034,,30034,+13362761896,no,
+16159969299,2026-09-15T14:00:29.000Z,2026-09-15T14:00:29.000Z,1,delivered,,,,+13362761896,no,
+16159991110,2026-09-23T14:00:28.000Z,2026-09-23T14:00:28.000Z,1,undelivered,30034,,30034,+13362761896,no,
+16187422609,2026-09-22T14:00:32.000Z,2026-09-22T14:00:32.000Z,1,delivered,,,,+13362761896,no,
+16199394656,2026-08-29T14:00:55.000Z,2026-08-29T14:00:55.000Z,1,undelivered,30005,Unknown destination handset,30005,+13362761896,no,
+16292346760,2026-08-24T14:00:41.000Z,2026-08-24T14:00:41.000Z,1,undelivered,30034,,30034,+13362761896,no,
+16292521826,2026-08-21T13:00:38.000Z,2026-08-25T16:03:47.000Z,2,delivered,,,,+13367294181,yes,
+16292542548,2026-09-15T14:00:42.000Z,2026-09-15T14:00:42.000Z,1,undelivered,30034,,30034,+13362761896,no,
+16292547706,2026-08-24T14:00:41.000Z,2026-08-24T14:00:41.000Z,1,undelivered,30034,,30034,+13362761896,no,
+16292754795,2026-08-24T14:00:40.000Z,2026-08-24T14:00:40.000Z,1,undelivered,30034,,30034,+13362761896,no,
+16292840630,2026-08-21T13:00:26.000Z,2026-08-25T16:03:47.000Z,3,delivered,,,,+13367294181 +13362761896,yes,
+16292958035,2026-09-08T14:00:28.000Z,2026-09-08T14:00:28.000Z,1,undelivered,30005,Unknown destination handset,30005,+13362761896,no,
+16293252585,2026-08-24T14:00:44.000Z,2026-08-24T14:00:44.000Z,1,undelivered,30034,,30034,+13362761896,no,
+16293338020,2026-08-24T14:01:12.000Z,2026-08-24T14:01:12.000Z,1,undelivered,30034,,30034,+13362761896,no,
+16295002397,2026-08-24T14:00:44.000Z,2026-08-24T14:00:44.000Z,1,delivered,,,,+13362761896,no,
+16452416872,2026-08-14T14:59:27.000Z,2026-08-14T14:59:27.000Z,1,delivered,,,,+13362761896,no,
+16465327169,2026-08-11T10:01:28.000Z,2026-08-20T14:00:33.000Z,2,undelivered,30034,,30034,+13362761896,no,
+16593040825,2026-08-30T14:00:59.000Z,2026-08-30T14:00:59.000Z,1,undelivered,30034,,30034,+13362761896,no,
+16593482040,2026-09-01T14:00:16.000Z,2026-09-01T14:00:16.000Z,1,undelivered,30034,,30034,+13362761896,no,
+16626558876,2026-08-25T14:01:22.000Z,2026-08-25T14:01:22.000Z,1,undelivered,30034,,30034,+13362761896,no,
+16782556356,2026-09-03T14:03:09.000Z,2026-09-03T14:03:09.000Z,1,undelivered,30034,,30034,+13362761896,no,
+16783653613,2026-08-23T14:01:36.000Z,2026-08-23T14:01:36.000Z,1,delivered,,,,+13362761896,no,
+16784323107,2026-08-23T14:02:04.000Z,2026-08-23T14:02:04.000Z,1,undelivered,30034,,30034,+13362761896,no,
+16784994714,2026-09-11T14:00:27.000Z,2026-09-11T14:00:27.000Z,1,undelivered,30034,,30034,+13362761896,no,
+16785442647,2026-08-11T18:30:59.000Z,2026-08-20T17:14:54.000Z,2,delivered,,,,+13367294181,yes,
+16786002803,2026-09-11T14:00:38.000Z,2026-09-11T14:00:38.000Z,1,undelivered,30034,,30034,+13362761896,no,
+16786080681,2026-09-10T14:00:43.000Z,2026-09-10T14:00:43.000Z,1,delivered,,,,+13362761896,no,
+16786183103,2026-08-23T14:01:34.000Z,2026-08-23T14:01:34.000Z,1,undelivered,30034,,30034,+13362761896,no,
+16786298352,2026-09-24T14:00:38.000Z,2026-09-24T14:00:38.000Z,1,undelivered,30034,,30034,+13362761896,no,
+16786634130,2026-09-24T14:00:26.000Z,2026-09-24T14:00:26.000Z,1,undelivered,30034,,30034,+13362761896,no,
+16787547483,2026-09-11T14:00:29.000Z,2026-09-11T14:00:29.000Z,1,undelivered,30034,,30034,+13362761896,no,
+16787609000,2026-08-21T14:03:24.000Z,2026-08-21T14:03:24.000Z,1,undelivered,30034,,30034,+13362761896,no,
+16787793898,2026-09-23T14:00:27.000Z,2026-09-23T14:00:27.000Z,1,delivered,,,,+13362761896,no,
+16787896887,2026-08-22T14:01:28.000Z,2026-08-22T14:01:28.000Z,1,undelivered,30034,,30034,+13362761896,no,
+16788862825,2026-08-23T14:01:34.000Z,2026-08-23T14:01:34.000Z,1,undelivered,30034,,30034,+13362761896,no,
+16789057925,2026-08-22T14:01:29.000Z,2026-08-22T14:11:31.000Z,4,failed,21610,,21610,+13362761896,no,
+16789203167,2026-09-24T14:00:29.000Z,2026-09-24T14:00:29.000Z,1,undelivered,30034,,30034,+13362761896,no,
+16789237635,2026-09-10T14:00:59.000Z,2026-09-10T14:00:59.000Z,1,undelivered,30034,,30034,+13362761896,no,
+16789938138,2026-09-11T14:00:30.000Z,2026-09-11T14:00:30.000Z,1,undelivered,30034,,30034,+13362761896,no,
+16789952890,2026-08-22T14:02:00.000Z,2026-08-22T14:02:00.000Z,1,undelivered,30034,,30034,+13362761896,no,
+17038676341,2026-09-23T14:01:12.000Z,2026-09-23T14:01:12.000Z,1,undelivered,30034,,30034,+13362761896,no,
+17042154730,2026-09-22T14:00:34.000Z,2026-09-22T14:00:34.000Z,1,delivered,,,,+13362761896,no,
+17042189158,2026-09-06T14:00:28.000Z,2026-09-06T14:00:28.000Z,1,undelivered,30034,,30034,+13362761896,no,
+17042310678,2026-09-06T14:00:29.000Z,2026-09-06T14:00:29.000Z,1,undelivered,30034,,30034,+13362761896,no,
+17042335417,2026-09-06T14:00:27.000Z,2026-09-06T14:00:27.000Z,1,undelivered,30034,,30034,+13362761896,no,
+17042365670,2026-08-11T09:01:18.000Z,2026-08-14T16:02:51.000Z,2,delivered,,,,+13367294181,yes,
+17042376813,2026-08-13T14:01:43.000Z,2026-09-03T14:00:51.000Z,3,delivered,,,,+13362761896,no,
+17042444411,2026-08-14T14:00:43.000Z,2026-09-10T14:00:24.000Z,2,undelivered,30034,,30034,+13362761896,no,
+17042470068,2026-08-14T14:00:40.000Z,2026-09-10T14:00:22.000Z,2,undelivered,30034,,30034,+13362761896,no,
+17042538647,2026-08-14T14:01:12.000Z,2026-08-14T14:18:11.000Z,2,failed,21610,,21610,+13362761896,no,
+17042660623,2026-09-06T14:00:30.000Z,2026-09-06T14:00:30.000Z,1,delivered,,,,+13362761896,no,
+17042800044,2026-09-15T14:00:28.000Z,2026-09-30T14:00:38.000Z,3,delivered,,,30034,+13362761896 +13367294181,yes,
+17042847472,2026-08-13T14:01:40.000Z,2026-09-03T14:00:22.000Z,2,delivered,,,,+13362761896,no,
+17043097396,2026-09-19T14:00:28.000Z,2026-09-19T14:00:28.000Z,1,undelivered,30034,,30034,+13362761896,no,
+17043098965,2026-08-10T09:00:25.000Z,2026-09-24T14:00:22.000Z,4,undelivered,30034,,30034,+13367294181 +13362761896,yes,
+17043138454,2026-08-14T14:01:06.000Z,2026-09-10T14:00:23.000Z,2,undelivered,30034,,30034,+13362761896,no,
+17043479993,2026-08-12T15:15:29.000Z,2026-09-02T12:52:12.000Z,2,delivered,,,,+17439016244,yes,
+17043614413,2026-09-08T14:00:26.000Z,2026-09-08T14:00:26.000Z,1,undelivered,30034,,30034,+13362761896,no,
+17043683830,2026-09-06T14:00:53.000Z,2026-09-06T14:00:53.000Z,1,delivered,,,,+13362761896,no,
+17043754249,2026-09-06T14:00:42.000Z,2026-09-06T14:00:42.000Z,1,undelivered,30034,,30034,+13362761896,no,
+17043768969,2026-09-19T14:00:27.000Z,2026-09-19T14:00:27.000Z,1,undelivered,30034,,30034,+13362761896,no,
+17043775133,2026-08-13T14:02:09.000Z,2026-09-03T14:00:21.000Z,2,undelivered,30034,,30034,+13362761896,no,
+17043882441,2026-08-11T09:00:57.000Z,2026-09-05T14:00:45.000Z,3,undelivered,30034,,30034,+13367294181 +13362761896,yes,
+17043904350,2026-09-08T14:00:30.000Z,2026-09-08T14:00:30.000Z,1,undelivered,30034,,30034,+13362761896,no,
+17043996037,2026-08-13T14:02:06.000Z,2026-09-03T14:00:34.000Z,2,undelivered,30034,,30034,+13362761896,no,
+17043996995,2026-09-01T14:00:16.000Z,2026-09-01T14:00:16.000Z,1,undelivered,30034,,30034,+13362761896,no,
+17044081437,2026-09-06T14:00:28.000Z,2026-09-06T14:00:28.000Z,1,delivered,,,,+13362761896,no,
+17044267427,2026-09-06T14:00:29.000Z,2026-09-06T14:00:29.000Z,1,undelivered,30034,,30034,+13362761896,no,
+17044412010,2026-08-13T14:02:55.000Z,2026-09-03T14:00:33.000Z,2,undelivered,30034,,30034,+13362761896,no,
+17044865448,2026-08-14T14:00:42.000Z,2026-09-10T14:00:23.000Z,2,delivered,,,,+13362761896,no,
+17044939926,2026-09-22T14:00:29.000Z,2026-09-22T14:00:29.000Z,1,undelivered,30034,,30034,+13362761896,no,
+17045001615,2026-08-11T17:41:16.000Z,2026-08-19T14:02:01.000Z,2,delivered,,,,+13367294181,yes,
+17045161240,2026-08-11T10:01:05.000Z,2026-08-20T14:00:32.000Z,2,undelivered,30034,,30034,+13362761896,no,
+17045202060,2026-08-13T14:02:10.000Z,2026-09-03T14:00:41.000Z,2,delivered,,,,+13362761896,no,
+17045452139,2026-08-13T14:02:09.000Z,2026-09-03T14:00:22.000Z,2,undelivered,30034,,30034,+13362761896,no,
+17045890403,2026-09-06T14:00:43.000Z,2026-09-06T14:00:43.000Z,1,undelivered,30034,,30034,+13362761896,no,
+17045938303,2026-08-14T14:01:06.000Z,2026-09-10T14:00:22.000Z,2,undelivered,30034,,30034,+13362761896,no,
+17045978480,2026-08-13T14:01:40.000Z,2026-09-03T14:00:22.000Z,2,undelivered,30034,,30034,+13362761896,no,
+17045980313,2026-09-06T14:00:58.000Z,2026-09-06T14:00:58.000Z,1,undelivered,30034,,30034,+13362761896,no,
+17046069043,2026-09-06T14:00:28.000Z,2026-09-06T14:00:28.000Z,1,delivered,,,,+13362761896,no,
+17046097022,2026-08-11T17:41:54.000Z,2026-08-19T14:01:55.000Z,2,delivered,,,,+13367294181,yes,
+17046104063,2026-08-14T14:01:12.000Z,2026-09-10T14:00:24.000Z,2,delivered,,,,+13362761896,no,
+17046106422,2026-08-11T09:00:57.000Z,2026-09-05T14:00:45.000Z,3,delivered,,,,+13367294181 +13362761896,yes,
+17046187509,2026-09-15T14:00:28.000Z,2026-09-15T14:00:28.000Z,1,undelivered,30034,,30034,+13362761896,no,
+17046201459,2026-09-01T14:00:10.000Z,2026-09-01T14:00:10.000Z,1,undelivered,30034,,30034,+13362761896,no,
+17046216870,2026-08-12T14:01:29.000Z,2026-08-27T14:00:10.000Z,2,undelivered,30034,,30034,+13362761896,no,
+17046318769,2026-08-14T14:00:39.000Z,2026-09-10T14:00:20.000Z,2,undelivered,30034,,30034,+13362761896,no,
+17046330311,2026-08-12T14:01:35.000Z,2026-08-27T14:00:22.000Z,2,undelivered,30034,,30034,+13362761896,no,
+17046494871,2026-08-11T09:01:21.000Z,2026-08-14T16:02:36.000Z,2,delivered,,,,+13367294181,yes,
+17046508352,2026-06-06T17:07:44.000Z,2026-06-06T17:07:44.000Z,1,delivered,,,,+17439016244,yes,
+17046586496,2026-08-06T16:50:06.000Z,2026-08-18T04:55:24.000Z,2,delivered,,,,+17439016244,yes,
+17046990830,2026-08-13T14:02:09.000Z,2026-09-03T14:00:35.000Z,2,undelivered,30034,,30034,+13362761896,no,
+17047079442,2026-09-19T14:00:27.000Z,2026-09-19T14:00:27.000Z,1,undelivered,30034,,30034,+13362761896,no,
+17047137014,2026-08-18T14:01:40.000Z,2026-08-18T14:01:40.000Z,1,undelivered,30034,,30034,+13362761896,no,
+17047363746,2026-09-21T13:00:37.000Z,2026-09-21T13:00:44.000Z,2,delivered,,,,+13367294181,yes,
+17047412727,2026-09-06T14:00:43.000Z,2026-09-06T14:00:43.000Z,1,delivered,,,,+13362761896,no,
+17047419118,2026-10-04T13:00:38.000Z,2026-10-07T14:00:44.000Z,2,delivered,,,,+13367294181,yes,
+17047682961,2026-08-11T10:00:37.000Z,2026-08-20T14:00:35.000Z,2,undelivered,30034,,30034,+13362761896,no,
+17047705473,2026-08-17T13:00:14.000Z,2026-08-20T17:15:38.000Z,2,delivered,,,,+13367294181,yes,
+17047763099,2026-08-12T14:01:05.000Z,2026-08-27T14:00:08.000Z,2,undelivered,30034,,30034,+13362761896,no,
+17047777838,2026-08-13T14:01:39.000Z,2026-09-03T14:00:21.000Z,2,undelivered,30034,,30034,+13362761896,no,
+17047987937,2026-08-11T09:00:57.000Z,2026-09-05T14:00:30.000Z,3,undelivered,30034,,30034,+13367294181 +13362761896,yes,
+17048000800,2026-08-13T14:02:30.000Z,2026-09-03T14:00:33.000Z,2,undelivered,30034,,30034,+13362761896,no,
+17048352577,2026-09-07T13:00:36.000Z,2026-09-16T14:00:36.000Z,2,delivered,,,,+13367294181,yes,
+17048429774,2026-08-10T09:00:27.000Z,2026-08-14T16:01:57.000Z,2,delivered,,,,+13367294181,yes,
+17048739522,2026-09-17T14:00:27.000Z,2026-09-17T14:00:27.000Z,1,undelivered,30034,,30034,+13362761896,no,
+17048800118,2026-08-13T14:01:38.000Z,2026-08-27T14:00:11.000Z,2,undelivered,30034,,30034,+13362761896,no,
+17048871111,2026-09-19T14:00:28.000Z,2026-09-19T14:00:28.000Z,1,undelivered,30034,,30034,+13362761896,no,
+17048909743,2026-08-13T14:01:42.000Z,2026-09-03T14:00:32.000Z,2,undelivered,30034,,30034,+13362761896,no,
+17048918982,2026-08-10T09:00:47.000Z,2026-08-14T16:01:44.000Z,2,delivered,,,,+13367294181,yes,
+17049071155,2026-09-01T14:00:16.000Z,2026-09-01T14:00:16.000Z,1,undelivered,30034,,30034,+13362761896,no,
+17049124376,2026-08-14T14:00:41.000Z,2026-09-10T14:00:22.000Z,2,undelivered,30005,Unknown destination handset,30005,+13362761896,no,
+17049147946,2026-09-19T14:00:27.000Z,2026-09-19T14:00:27.000Z,1,undelivered,30034,,30034,+13362761896,no,
+17049499691,2026-08-14T14:01:06.000Z,2026-09-10T14:00:24.000Z,2,undelivered,30034,,30034,+13362761896,no,
+17049517756,2026-09-19T14:00:28.000Z,2026-09-19T14:00:28.000Z,1,undelivered,30034,,30034,+13362761896,no,
+17049602992,2026-08-11T10:01:35.000Z,2026-08-20T14:00:42.000Z,2,undelivered,30034,,30034,+13362761896,no,
+17049653366,2026-08-13T14:02:09.000Z,2026-09-03T14:00:33.000Z,2,undelivered,30034,,30034,+13362761896,no,
+17049653370,2026-08-13T14:02:10.000Z,2026-09-03T14:00:32.000Z,2,undelivered,30034,,30034,+13362761896,no,
+17062638872,2026-09-16T14:00:46.000Z,2026-09-16T14:00:46.000Z,1,undelivered,30034,,30034,+13362761896,no,
+17063269666,2026-08-30T14:00:47.000Z,2026-08-30T14:00:47.000Z,1,undelivered,30034,,30034,+13362761896,no,
+17063474802,2026-09-22T14:00:33.000Z,2026-09-22T14:00:33.000Z,1,undelivered,30034,,30034,+13362761896,no,
+17063924575,2026-08-11T18:31:00.000Z,2026-08-20T17:15:05.000Z,2,delivered,,,,+13367294181,yes,
+17063924958,2026-08-11T18:31:00.000Z,2026-08-20T17:15:08.000Z,2,delivered,,,,+13367294181,yes,
+17064442941,2026-08-11T18:30:59.000Z,2026-08-20T17:15:01.000Z,2,undelivered,30008,Unknown error,30008,+13367294181,yes,
+17065349899,2026-08-11T18:30:58.000Z,2026-08-20T17:14:54.000Z,2,undelivered,30006,Landline or unreachable carrier,30006,+13367294181,yes,
+17065666731,2026-08-11T18:31:00.000Z,2026-08-20T17:15:16.000Z,2,undelivered,30003,Unreachable destination handset,30003,+13367294181,yes,
+17065750436,2026-08-22T14:01:59.000Z,2026-08-22T14:01:59.000Z,1,undelivered,30034,,30034,+13362761896,no,
+17066165259,2026-08-11T18:31:39.000Z,2026-08-20T17:15:03.000Z,2,delivered,,,,+13367294181,yes,
+17066731959,2026-09-18T14:00:27.000Z,2026-09-18T14:00:27.000Z,1,undelivered,30034,,30034,+13362761896,no,
+17067495020,2026-08-11T18:30:58.000Z,2026-08-20T17:14:54.000Z,2,delivered,,,,+13367294181,yes,
+17068010090,2026-08-11T18:31:23.000Z,2026-08-20T17:14:55.000Z,2,delivered,,,,+13367294181,yes,
+17068042641,2026-09-11T14:00:30.000Z,2026-09-11T14:00:30.000Z,1,undelivered,30034,,30034,+13362761896,no,
+17068414257,2026-09-16T14:00:52.000Z,2026-09-16T14:00:52.000Z,1,undelivered,30034,,30034,+13362761896,no,
+17068472585,2026-08-31T14:01:03.000Z,2026-08-31T14:01:03.000Z,1,undelivered,30034,,30034,+13362761896,no,
+17069312877,2026-08-31T14:00:37.000Z,2026-08-31T14:00:37.000Z,1,undelivered,30034,,30034,+13362761896,no,
+17069803924,2026-08-30T14:00:43.000Z,2026-08-30T14:00:43.000Z,1,undelivered,30034,,30034,+13362761896,no,
+17086463323,2026-08-27T14:00:25.000Z,2026-08-27T14:00:25.000Z,1,undelivered,30034,,30034,+13362761896,no,
+17158358350,2026-09-18T14:00:44.000Z,2026-09-18T14:00:44.000Z,1,undelivered,30034,,30034,+13362761896,no,
+17175375766,2026-08-14T14:00:42.000Z,2026-09-10T14:00:23.000Z,2,undelivered,30034,,30034,+13362761896,no,
+17274706084,2026-09-25T14:25:03.000Z,2026-09-25T14:25:03.000Z,1,delivered,,,,+17439016244,yes,
+17279470771,2026-08-31T14:00:35.000Z,2026-08-31T14:00:35.000Z,1,undelivered,30034,,30034,+13362761896,no,
+17432011033,2026-09-22T14:00:30.000Z,2026-09-22T14:00:30.000Z,1,undelivered,30034,,30034,+13362761896,no,
+17432167141,2026-06-08T14:44:35.000Z,2026-09-30T00:03:11.000Z,11,delivered,,,30003,+17439016244,yes,
+17432167142,2026-04-20T21:53:40.000Z,2026-10-05T13:38:02.000Z,110,delivered,,,30034,+17439016244,yes,
+17432429201,2026-09-17T14:00:28.000Z,2026-09-17T14:00:28.000Z,1,delivered,,,,+13362761896,no,
+17436490272,2026-08-11T09:00:56.000Z,2026-09-05T14:00:27.000Z,3,undelivered,30034,,30034,+13367294181 +13362761896,yes,
+17542361714,2026-09-21T13:00:36.000Z,2026-09-30T14:00:37.000Z,3,delivered,,,30034,+13367294181 +13362761896,yes,
+17575458473,2026-09-10T14:00:26.000Z,2026-09-10T14:00:26.000Z,1,undelivered,30034,,30034,+13362761896,no,
+17702568756,2026-09-10T14:00:29.000Z,2026-09-10T14:00:29.000Z,1,undelivered,30034,,30034,+13362761896,no,
+17702760159,2026-08-22T14:01:32.000Z,2026-08-22T14:01:32.000Z,1,undelivered,30034,,30034,+13362761896,no,
+17702827527,2026-08-12T14:00:41.000Z,2026-08-27T14:00:08.000Z,2,delivered,,,,+13362761896,no,
+17704151112,2026-09-24T14:00:38.000Z,2026-09-24T14:00:38.000Z,1,undelivered,30005,Unknown destination handset,30005,+13362761896,no,
+17704226482,2026-09-11T14:00:29.000Z,2026-09-11T14:00:29.000Z,1,undelivered,30034,,30034,+13362761896,no,
+17704549988,2026-08-22T14:01:59.000Z,2026-08-22T14:01:59.000Z,1,undelivered,30034,,30034,+13362761896,no,
+17704803278,2026-09-17T14:00:43.000Z,2026-09-17T14:00:43.000Z,1,undelivered,30034,,30034,+13362761896,no,
+17705172575,2026-08-22T14:01:44.000Z,2026-08-22T14:01:44.000Z,1,undelivered,30006,Landline or unreachable carrier,30006,+13362761896,no,
+17705199717,2026-08-22T14:01:29.000Z,2026-08-22T14:01:29.000Z,1,undelivered,30034,,30034,+13362761896,no,
+17705477076,2026-09-04T14:03:23.000Z,2026-09-04T14:03:23.000Z,1,undelivered,30034,,30034,+13362761896,no,
+17705488640,2026-09-16T14:00:57.000Z,2026-09-16T14:00:57.000Z,1,undelivered,30034,,30034,+13362761896,no,
+17705880138,2026-08-23T14:02:05.000Z,2026-08-23T14:02:05.000Z,1,undelivered,30034,,30034,+13362761896,no,
+17708153452,2026-09-17T14:00:58.000Z,2026-09-17T14:00:58.000Z,1,undelivered,30034,,30034,+13362761896,no,
+17708813327,2026-09-11T14:00:28.000Z,2026-09-11T14:00:28.000Z,1,undelivered,30034,,30034,+13362761896,no,
+17708965692,2026-08-23T14:02:05.000Z,2026-08-23T14:02:05.000Z,1,undelivered,30034,,30034,+13362761896,no,
+17816323977,2026-09-20T14:00:28.000Z,2026-09-20T14:00:28.000Z,1,undelivered,30034,,30034,+13362761896,no,
+17863505674,2026-08-28T14:01:42.000Z,2026-08-28T14:01:42.000Z,1,undelivered,30034,,30034,+13362761896,no,
+17865644053,2026-09-26T15:10:28.000Z,2026-09-26T15:10:28.000Z,1,delivered,,,,+13367294181,yes,
+18003313441,2026-09-24T14:00:40.000Z,2026-09-24T14:00:40.000Z,1,undelivered,30034,,30034,+13362761896,no,
+18003796484,2026-09-19T14:00:28.000Z,2026-09-19T14:00:28.000Z,1,undelivered,30034,,30034,+13362761896,no,
+18004923086,2026-08-22T14:02:00.000Z,2026-08-22T14:02:00.000Z,1,delivered,,,,+13362761896,no,
+18005451257,2026-09-02T14:00:28.000Z,2026-09-02T14:00:28.000Z,1,undelivered,30034,,30034,+13362761896,no,
+18007431944,2026-08-17T14:00:26.000Z,2026-08-17T14:00:26.000Z,1,undelivered,30034,,30034,+13362761896,no,
+18009101017,2026-08-26T14:01:37.000Z,2026-08-26T14:01:37.000Z,1,undelivered,30034,,30034,+13362761896,no,
+18009138970,2026-08-15T14:00:05.000Z,2026-09-10T14:00:42.000Z,2,undelivered,30034,,30034,+13362761896,no,
+18009225823,2026-09-08T14:00:31.000Z,2026-09-08T14:00:31.000Z,1,delivered,,,,+13362761896,no,
+18009805163,2026-09-16T14:00:44.000Z,2026-09-16T14:00:44.000Z,1,delivered,,,,+13362761896,no,
+18032102501,2026-08-19T14:01:20.000Z,2026-08-19T14:01:20.000Z,1,delivered,,,,+13362761896,no,
+18032139788,2026-08-18T14:01:52.000Z,2026-08-18T14:01:52.000Z,1,undelivered,30034,,30034,+13362761896,no,
+18032331099,2026-09-20T14:00:44.000Z,2026-09-20T14:00:44.000Z,1,undelivered,30034,,30034,+13362761896,no,
+18032392664,2026-08-18T14:01:53.000Z,2026-08-18T14:01:53.000Z,1,undelivered,30034,,30034,+13362761896,no,
+18032521170,2026-09-17T14:00:29.000Z,2026-09-17T14:00:29.000Z,1,undelivered,30034,,30034,+13362761896,no,
+18032615459,2026-09-02T14:00:40.000Z,2026-09-02T14:00:40.000Z,1,undelivered,30034,,30034,+13362761896,no,
+18032696196,2026-08-18T14:01:49.000Z,2026-08-18T14:01:49.000Z,1,undelivered,30034,,30034,+13362761896,no,
+18033244464,2026-09-01T14:00:10.000Z,2026-09-01T14:00:10.000Z,1,undelivered,30034,,30034,+13362761896,no,
+18033299755,2026-09-19T14:00:29.000Z,2026-09-19T14:00:29.000Z,1,undelivered,30034,,30034,+13362761896,no,
+18033590888,2026-09-20T14:00:57.000Z,2026-09-20T14:00:57.000Z,1,undelivered,30034,,30034,+13362761896,no,
+18033869464,2026-09-08T14:00:31.000Z,2026-09-08T14:00:31.000Z,1,undelivered,30034,,30034,+13362761896,no,
+18033946013,2026-09-02T14:00:31.000Z,2026-09-02T14:00:31.000Z,1,undelivered,30034,,30034,+13362761896,no,
+18033970244,2026-08-17T14:00:25.000Z,2026-08-17T14:00:25.000Z,1,undelivered,30034,,30034,+13362761896,no,
+18034008004,2026-09-20T14:00:33.000Z,2026-09-20T14:00:33.000Z,1,delivered,,,,+13362761896,no,
+18034032727,2026-09-04T14:03:18.000Z,2026-09-04T14:03:18.000Z,1,undelivered,30005,Unknown destination handset,30005,+13362761896,no,
+18034048449,2026-09-07T14:00:55.000Z,2026-09-07T14:00:55.000Z,1,undelivered,30034,,30034,+13362761896,no,
+18034774315,2026-09-20T14:00:58.000Z,2026-09-20T14:00:58.000Z,1,undelivered,30034,,30034,+13362761896,no,
+18034973210,2026-09-20T14:00:33.000Z,2026-09-20T14:00:33.000Z,1,undelivered,30034,,30034,+13362761896,no,
+18034975574,2026-08-17T14:00:24.000Z,2026-08-17T14:00:24.000Z,1,undelivered,30034,,30034,+13362761896,no,
+18035214321,2026-09-08T14:00:53.000Z,2026-09-08T14:00:53.000Z,1,undelivered,30034,,30034,+13362761896,no,
+18035509240,2026-09-21T14:00:28.000Z,2026-09-21T14:00:28.000Z,1,undelivered,30034,,30034,+13362761896,no,
+18035529281,2026-09-02T14:00:28.000Z,2026-09-02T14:00:28.000Z,1,undelivered,30034,,30034,+13362761896,no,
+18035539313,2026-09-20T14:00:44.000Z,2026-09-20T14:00:44.000Z,1,undelivered,30034,,30034,+13362761896,no,
+18035564857,2026-09-21T14:00:42.000Z,2026-09-21T14:00:42.000Z,1,undelivered,30034,,30034,+13362761896,no,
+18035670371,2026-08-17T14:00:54.000Z,2026-08-17T14:00:54.000Z,1,undelivered,30034,,30034,+13362761896,no,
+18036007114,2026-08-17T14:00:38.000Z,2026-08-17T14:00:38.000Z,1,undelivered,30034,,30034,+13362761896,no,
+18036064001,2026-08-18T14:01:53.000Z,2026-08-18T14:01:53.000Z,1,undelivered,30034,,30034,+13362761896,no,
+18036354426,2026-09-02T14:00:40.000Z,2026-09-02T14:00:40.000Z,1,undelivered,30034,,30034,+13362761896,no,
+18036830934,2026-09-08T14:00:31.000Z,2026-09-08T14:00:31.000Z,1,undelivered,30034,,30034,+13362761896,no,
+18037049275,2026-08-17T14:00:38.000Z,2026-08-17T14:00:38.000Z,1,undelivered,30034,,30034,+13362761896,no,
+18037087191,2026-09-02T14:00:39.000Z,2026-09-02T14:00:39.000Z,1,delivered,,,,+13362761896,no,
+18037103976,2026-09-17T14:00:43.000Z,2026-09-17T14:01:19.000Z,2,delivered,,,,+13362761896,no,
+18037370411,2026-08-18T14:01:53.000Z,2026-08-18T14:01:53.000Z,1,undelivered,30034,,30034,+13362761896,no,
+18037492727,2026-09-08T14:00:40.000Z,2026-09-08T14:00:40.000Z,1,undelivered,30034,,30034,+13362761896,no,
+18037642973,2026-08-18T14:01:39.000Z,2026-08-18T14:01:39.000Z,1,delivered,,,,+13362761896,no,
+18037650290,2026-09-21T14:00:27.000Z,2026-09-21T14:00:27.000Z,1,undelivered,30034,,30034,+13362761896,no,
+18037698252,2026-08-18T14:01:37.000Z,2026-08-18T14:01:37.000Z,1,undelivered,30005,Unknown destination handset,30005,+13362761896,no,
+18037724490,2026-09-21T14:00:26.000Z,2026-09-21T14:00:26.000Z,1,delivered,,,,+13362761896,no,
+18037764888,2026-09-08T14:00:30.000Z,2026-09-08T14:00:30.000Z,1,undelivered,30034,,30034,+13362761896,no,
+18037858386,2026-08-19T14:01:20.000Z,2026-08-19T14:01:20.000Z,1,undelivered,30034,,30034,+13362761896,no,
+18037961467,2026-09-21T14:00:27.000Z,2026-09-21T14:00:27.000Z,1,undelivered,30005,Unknown destination handset,30005,+13362761896,no,
+18037998845,2026-09-08T14:00:40.000Z,2026-09-08T14:00:40.000Z,1,undelivered,30034,,30034,+13362761896,no,
+18038068708,2026-08-17T14:00:24.000Z,2026-08-17T14:00:24.000Z,1,undelivered,30034,,30034,+13362761896,no,
+18038458531,2026-08-17T14:00:38.000Z,2026-08-17T14:00:38.000Z,1,undelivered,30034,,30034,+13362761896,no,
+18038829557,2026-09-07T14:00:51.000Z,2026-09-07T14:00:51.000Z,1,delivered,,,,+13362761896,no,
+18039105588,2026-08-18T14:01:40.000Z,2026-08-18T14:01:40.000Z,1,undelivered,30034,,30034,+13362761896,no,
+18039185218,2026-08-17T14:00:24.000Z,2026-08-17T14:00:24.000Z,1,delivered,,,,+13362761896,no,
+18039571935,2026-08-18T14:01:25.000Z,2026-08-18T14:01:25.000Z,1,undelivered,30034,,30034,+13362761896,no,
+18039950873,2026-08-17T14:00:25.000Z,2026-08-17T14:00:25.000Z,1,undelivered,30034,,30034,+13362761896,no,
+18039955400,2026-09-21T14:00:27.000Z,2026-09-21T14:00:27.000Z,1,undelivered,30034,,30034,+13362761896,no,
+18039960977,2026-09-20T14:00:44.000Z,2026-09-20T14:00:44.000Z,1,undelivered,30034,,30034,+13362761896,no,
+18042049124,2026-08-25T16:08:01.000Z,2026-09-02T14:00:39.000Z,2,delivered,,,,+13367294181,yes,
+18042067000,2026-08-21T14:03:25.000Z,2026-08-21T14:04:21.000Z,2,delivered,,,,+13362761896,no,
+18042102831,2026-09-09T14:01:19.000Z,2026-09-09T14:01:19.000Z,1,delivered,,,,+13362761896,no,
+18042221457,2026-08-19T14:01:50.000Z,2026-08-19T14:01:50.000Z,1,undelivered,30034,,30034,+13362761896,no,
+18042227308,2026-08-19T14:01:21.000Z,2026-08-19T14:01:21.000Z,1,undelivered,30034,,30034,+13362761896,no,
+18042227400,2026-09-22T14:00:35.000Z,2026-09-22T14:00:35.000Z,1,undelivered,30034,,30034,+13362761896,no,
+18042292208,2026-08-20T14:02:55.000Z,2026-08-20T14:02:55.000Z,1,undelivered,30034,,30034,+13362761896,no,
+18042313000,2026-09-23T14:00:57.000Z,2026-09-23T14:00:57.000Z,1,undelivered,30034,,30034,+13362761896,no,
+18042313670,2026-08-20T14:01:42.000Z,2026-08-20T14:01:42.000Z,1,delivered,,,,+13362761896,no,
+18042322192,2026-08-21T14:03:10.000Z,2026-08-21T14:03:10.000Z,1,delivered,,,,+13362761896,no,
+18042322293,2026-09-23T14:00:57.000Z,2026-09-23T14:00:57.000Z,1,undelivered,30006,Landline or unreachable carrier,30006,+13362761896,no,
+18042328956,2026-09-23T14:01:12.000Z,2026-09-23T14:01:12.000Z,1,undelivered,30006,Landline or unreachable carrier,30006,+13362761896,no,
+18042329679,2026-08-19T14:01:35.000Z,2026-08-19T14:01:35.000Z,1,undelivered,30006,Landline or unreachable carrier,30006,+13362761896,no,
+18042371513,2026-09-09T14:01:03.000Z,2026-09-09T14:01:03.000Z,1,undelivered,30005,Unknown destination handset,30005,+13362761896,no,
+18042396790,2026-09-23T14:00:57.000Z,2026-09-23T21:26:04.000Z,2,failed,21610,,21610,+13362761896,no,
+18042506727,2026-08-25T16:08:01.000Z,2026-09-02T14:00:47.000Z,2,delivered,,,,+13367294181,yes,
+18042584975,2026-08-19T14:01:21.000Z,2026-09-02T14:00:37.000Z,3,delivered,,,,+13362761896 +13367294181,yes,
+18042620656,2026-08-19T14:01:51.000Z,2026-08-19T14:01:51.000Z,1,undelivered,30034,,30034,+13362761896,no,
+18042623641,2026-09-09T14:00:48.000Z,2026-09-09T14:00:48.000Z,1,delivered,,,,+13362761896,no,
+18042771609,2026-08-21T14:03:08.000Z,2026-08-21T14:03:08.000Z,1,undelivered,30034,,30034,+13362761896,no,
+18042776871,2026-09-23T14:00:31.000Z,2026-09-23T14:00:31.000Z,1,undelivered,30034,,30034,+13362761896,no,
+18042982519,2026-09-23T14:00:57.000Z,2026-09-23T14:00:57.000Z,1,undelivered,30034,,30034,+13362761896,no,
+18042991763,2026-09-10T14:00:42.000Z,2026-09-10T14:00:42.000Z,1,undelivered,30034,,30034,+13362761896,no,
+18043003564,2026-08-19T14:01:21.000Z,2026-09-02T14:00:44.000Z,3,delivered,,,30034,+13362761896 +13367294181,yes,
+18043050115,2026-08-20T14:01:56.000Z,2026-08-20T14:01:56.000Z,1,undelivered,30034,,30034,+13362761896,no,
+18043089150,2026-09-02T14:00:40.000Z,2026-09-02T14:00:40.000Z,1,undelivered,30006,Landline or unreachable carrier,30006,+13362761896,no,
+18043089939,2026-09-10T14:00:42.000Z,2026-09-10T14:00:42.000Z,1,undelivered,30034,,30034,+13362761896,no,
+18043186053,2026-09-23T14:00:26.000Z,2026-09-23T14:00:26.000Z,1,undelivered,30034,,30034,+13362761896,no,
+18043197282,2026-08-25T16:08:13.000Z,2026-09-02T14:00:47.000Z,2,delivered,,,,+13367294181,yes,
+18043211828,2026-08-20T14:02:15.000Z,2026-08-20T14:02:15.000Z,1,undelivered,30034,,30034,+13362761896,no,
+18043256658,2026-09-23T14:00:30.000Z,2026-09-23T14:00:30.000Z,1,undelivered,30034,,30034,+13362761896,no,
+18043379138,2026-08-20T14:01:55.000Z,2026-08-20T14:01:55.000Z,1,undelivered,30034,,30034,+13362761896,no,
+18043589333,2026-09-09T14:01:04.000Z,2026-09-09T14:01:04.000Z,1,delivered,,,,+13362761896,no,
+18043676525,2026-08-21T14:03:24.000Z,2026-08-21T14:03:24.000Z,1,undelivered,30034,,30034,+13362761896,no,
+18043687884,2026-08-21T14:03:23.000Z,2026-08-21T14:03:23.000Z,1,undelivered,30034,,30034,+13362761896,no,
+18044047083,2026-08-20T14:01:56.000Z,2026-08-20T14:01:56.000Z,1,delivered,,,,+13362761896,no,
+18044090806,2026-08-20T14:02:40.000Z,2026-08-20T14:02:40.000Z,1,undelivered,30005,Unknown destination handset,30005,+13362761896,no,
+18044414309,2026-08-19T14:01:21.000Z,2026-08-25T16:09:14.000Z,3,failed,21610,,30034 21610,+13362761896 +13367294181,yes,
+18044476975,2026-09-23T14:00:27.000Z,2026-09-23T14:00:27.000Z,1,undelivered,30006,Landline or unreachable carrier,30006,+13362761896,no,
+18044641539,2026-08-19T14:01:36.000Z,2026-08-19T14:01:36.000Z,1,undelivered,30006,Landline or unreachable carrier,30006,+13362761896,no,
+18044676969,2026-08-21T14:03:08.000Z,2026-08-21T14:03:08.000Z,1,delivered,,,,+13362761896,no,
+18044718173,2026-09-02T14:00:32.000Z,2026-09-02T14:00:32.000Z,1,undelivered,30034,,30034,+13362761896,no,
+18044740531,2026-08-21T14:03:09.000Z,2026-08-21T14:03:09.000Z,1,delivered,,,,+13362761896,no,
+18044788830,2026-08-25T16:07:59.000Z,2026-09-02T14:00:37.000Z,2,delivered,,,,+13367294181,yes,
+18045007696,2026-08-21T14:03:09.000Z,2026-08-21T14:03:09.000Z,1,delivered,,,,+13362761896,no,
+18045174101,2026-08-20T14:01:56.000Z,2026-08-20T14:01:56.000Z,1,undelivered,30034,,30034,+13362761896,no,
+18045212750,2026-09-09T14:00:49.000Z,2026-09-09T14:01:18.000Z,2,delivered,,,,+13362761896,no,
+18045257201,2026-09-17T14:00:30.000Z,2026-09-17T14:00:30.000Z,1,delivered,,,,+13362761896,no,
+18045627239,2026-08-20T14:01:43.000Z,2026-08-20T14:01:43.000Z,1,delivered,,,,+13362761896,no,
+18045669354,2026-08-25T16:08:10.000Z,2026-09-02T14:00:37.000Z,2,delivered,,,,+13367294181,yes,
+18045733111,2026-08-25T16:08:00.000Z,2026-09-09T14:00:44.000Z,3,undelivered,30034,,30034,+13367294181 +13362761896,yes,
+18045733710,2026-09-09T14:01:13.000Z,2026-09-09T14:01:13.000Z,1,undelivered,30034,,30034,+13362761896,no,
+18046050996,2026-08-20T14:01:53.000Z,2026-08-20T14:01:53.000Z,1,undelivered,30034,,30034,+13362761896,no,
+18046249380,2026-08-21T14:03:24.000Z,2026-08-21T14:03:24.000Z,1,undelivered,30034,,30034,+13362761896,no,
+18046300981,2026-09-10T14:00:34.000Z,2026-09-10T14:00:34.000Z,1,delivered,,,,+13362761896,no,
+18046305403,2026-08-20T14:01:42.000Z,2026-08-20T14:01:42.000Z,1,undelivered,30034,,30034,+13362761896,no,
+18046328697,2026-09-02T14:00:55.000Z,2026-09-02T14:00:55.000Z,1,undelivered,30034,,30034,+13362761896,no,
+18046415406,2026-09-22T14:00:32.000Z,2026-09-22T14:00:32.000Z,1,undelivered,30034,,30034,+13362761896,no,
+18046433328,2026-09-10T14:00:44.000Z,2026-09-10T14:00:44.000Z,1,undelivered,30034,,30034,+13362761896,no,
+18046509111,2026-09-23T14:00:29.000Z,2026-09-23T14:00:29.000Z,1,undelivered,30034,,30034,+13362761896,no,
+18046550359,2026-09-23T14:00:57.000Z,2026-09-23T14:00:57.000Z,1,undelivered,30034,,30034,+13362761896,no,
+18046653080,2026-08-20T14:01:56.000Z,2026-08-20T14:01:56.000Z,1,undelivered,30034,,30034,+13362761896,no,
+18046688320,2026-08-19T14:01:23.000Z,2026-08-19T14:01:23.000Z,1,undelivered,30034,,30034,+13362761896,no,
+18046812502,2026-08-20T14:02:06.000Z,2026-08-20T14:02:06.000Z,1,delivered,,,,+13362761896,no,
+18046903592,2026-08-21T14:03:25.000Z,2026-08-21T14:03:25.000Z,1,undelivered,30034,,30034,+13362761896,no,
+18047099161,2026-09-23T14:00:57.000Z,2026-09-23T14:00:57.000Z,1,undelivered,30034,,30034,+13362761896,no,
+18047165561,2026-09-10T14:00:42.000Z,2026-09-10T14:00:42.000Z,1,undelivered,30034,,30034,+13362761896,no,
+18047452217,2026-09-09T14:00:44.000Z,2026-09-09T14:00:44.000Z,1,undelivered,30034,,30034,+13362761896,no,
+18047464937,2026-09-23T14:00:31.000Z,2026-09-23T14:00:31.000Z,1,undelivered,30034,,30034,+13362761896,no,
+18047484592,2026-08-21T14:03:10.000Z,2026-08-21T14:03:10.000Z,1,undelivered,30034,,30034,+13362761896,no,
+18047730619,2026-09-23T14:00:31.000Z,2026-09-23T14:00:31.000Z,1,undelivered,30034,,30034,+13362761896,no,
+18047749197,2026-08-19T14:01:36.000Z,2026-09-02T14:00:36.000Z,3,delivered,,,30034,+13362761896 +13367294181,yes,
+18047900222,2026-09-10T14:00:42.000Z,2026-09-10T14:00:42.000Z,1,undelivered,30034,,30034,+13362761896,no,
+18048064499,2026-09-15T14:00:27.000Z,2026-09-15T14:00:27.000Z,1,delivered,,,,+13362761896,no,
+18048352133,2026-08-25T16:08:12.000Z,2026-09-23T14:00:57.000Z,3,undelivered,30034,,30034,+13367294181 +13362761896,yes,
+18048407471,2026-08-19T14:01:22.000Z,2026-08-19T14:01:22.000Z,1,undelivered,30034,,30034,+13362761896,no,
+18048559380,2026-08-19T14:01:22.000Z,2026-08-19T14:01:22.000Z,1,undelivered,30034,,30034,+13362761896,no,
+18048640733,2026-08-20T14:02:25.000Z,2026-08-20T14:02:25.000Z,1,delivered,,,,+13362761896,no,
+18048788932,2026-09-10T14:00:36.000Z,2026-09-10T14:00:36.000Z,1,undelivered,30034,,30034,+13362761896,no,
+18048842112,2026-09-09T14:00:49.000Z,2026-09-09T14:00:49.000Z,1,delivered,,,,+13362761896,no,
+18048885133,2026-08-20T14:02:25.000Z,2026-08-20T14:02:25.000Z,1,undelivered,30034,,30034,+13362761896,no,
+18048998200,2026-09-23T14:00:42.000Z,2026-09-23T14:00:42.000Z,1,undelivered,30006,Landline or unreachable carrier,30006,+13362761896,no,
+18049010169,2026-09-15T14:00:27.000Z,2026-09-15T14:00:27.000Z,1,undelivered,30034,,30034,+13362761896,no,
+18049011936,2026-08-25T16:08:00.000Z,2026-09-23T14:00:57.000Z,4,undelivered,30034,,21610 30034,+13367294181 +13362761896,yes,
+18049096347,2026-08-21T14:03:24.000Z,2026-08-21T14:03:24.000Z,1,undelivered,30034,,30034,+13362761896,no,
+18049128495,2026-09-09T14:01:00.000Z,2026-09-09T14:01:00.000Z,1,undelivered,30034,,30034,+13362761896,no,
+18049213800,2026-09-10T14:00:43.000Z,2026-09-10T14:00:43.000Z,1,undelivered,30034,,30034,+13362761896,no,
+18049255325,2026-08-25T16:08:00.000Z,2026-09-23T14:00:42.000Z,3,undelivered,30034,,30005 30034,+13367294181 +13362761896,yes,
+18049287080,2026-09-10T14:00:36.000Z,2026-09-10T14:00:36.000Z,1,undelivered,30034,,30034,+13362761896,no,
+18049374557,2026-09-09T14:01:18.000Z,2026-09-09T14:01:18.000Z,1,undelivered,30034,,30034,+13362761896,no,
+18049389621,2026-08-25T16:08:00.000Z,2026-09-02T14:00:38.000Z,2,delivered,,,,+13367294181,yes,
+18049559493,2026-09-10T14:00:37.000Z,2026-09-10T14:00:37.000Z,1,undelivered,30006,Landline or unreachable carrier,30006,+13362761896,no,
+18049674673,2026-08-20T14:01:56.000Z,2026-08-20T14:01:56.000Z,1,undelivered,30034,,30034,+13362761896,no,
+18049709954,2026-09-09T14:01:18.000Z,2026-09-09T14:01:18.000Z,1,undelivered,30034,,30034,+13362761896,no,
+18049737111,2026-08-25T16:08:01.000Z,2026-08-25T16:25:39.000Z,3,delivered,,,,+13367294181,yes,
+18128500004,2026-08-14T13:00:57.000Z,2026-08-20T17:15:15.000Z,2,delivered,,,,+13367294181,yes,
+18133207975,2026-08-21T14:03:23.000Z,2026-08-23T01:43:44.000Z,3,delivered,,,,+13362761896,no,
+18138295003,2026-08-28T14:01:53.000Z,2026-08-28T14:01:53.000Z,1,delivered,,,,+13362761896,no,
+18142186140,2026-06-30T04:23:35.000Z,2026-06-30T04:23:35.000Z,1,delivered,,,,+17439016244,yes,
+18172108750,2026-08-25T14:01:48.000Z,2026-08-25T14:01:48.000Z,1,undelivered,30034,,30034,+13362761896,no,
+18282641597,2026-08-11T17:40:56.000Z,2026-08-19T14:01:55.000Z,2,undelivered,30006,Landline or unreachable carrier,30006,+13367294181,yes,
+18282644883,2026-08-11T17:40:56.000Z,2026-08-19T14:02:13.000Z,2,undelivered,30006,Landline or unreachable carrier,30006,+13367294181,yes,
+18282644886,2026-08-11T17:40:55.000Z,2026-08-19T14:01:53.000Z,2,undelivered,30006,Landline or unreachable carrier,30006,+13367294181,yes,
+18282646660,2026-08-11T17:41:45.000Z,2026-08-11T19:06:44.000Z,2,delivered,,,,+13367294181,yes,
+18282802878,2026-08-14T13:00:57.000Z,2026-08-20T17:15:23.000Z,2,delivered,,,,+13367294181,yes,
+18283337105,2026-08-14T13:00:56.000Z,2026-08-20T17:15:14.000Z,2,delivered,,,,+13367294181,yes,
+18283370721,2026-08-14T13:01:17.000Z,2026-08-20T17:15:32.000Z,2,undelivered,30005,Unknown destination handset,30005,+13367294181,yes,
+18283559291,2026-08-11T17:40:55.000Z,2026-08-19T14:01:45.000Z,2,undelivered,30006,Landline or unreachable carrier,30006,+13367294181,yes,
+18283838954,2026-08-14T13:00:55.000Z,2026-08-20T17:15:09.000Z,2,delivered,,,,+13367294181,yes,
+18283972692,2026-09-05T14:00:32.000Z,2026-09-05T14:00:32.000Z,1,undelivered,30034,,30034,+13362761896,no,
+18284045490,2026-09-22T14:00:29.000Z,2026-09-22T14:00:29.000Z,1,undelivered,30034,,30034,+13362761896,no,
+18284066032,2026-08-11T17:40:54.000Z,2026-08-19T14:01:51.000Z,2,delivered,,,,+13367294181,yes,
+18284173817,2026-08-13T14:01:40.000Z,2026-09-03T14:00:31.000Z,2,delivered,,,,+13362761896,no,
+18284240287,2026-08-14T13:01:16.000Z,2026-08-20T17:15:24.000Z,2,delivered,,,,+13367294181,yes,
+18285360655,2026-08-11T17:40:56.000Z,2026-08-19T22:32:03.000Z,4,delivered,,,,+13367294181,yes,
+18287024262,2026-08-11T10:00:37.000Z,2026-08-20T14:00:35.000Z,2,undelivered,30034,,30034,+13362761896,no,
+18287074071,2026-08-14T13:00:56.000Z,2026-08-20T17:15:15.000Z,2,delivered,,,,+13367294181,yes,
+18287230309,2026-09-04T14:03:15.000Z,2026-09-04T14:03:15.000Z,1,undelivered,30034,,30034,+13362761896,no,
+18287679140,2026-08-14T13:00:56.000Z,2026-08-20T17:15:15.000Z,2,delivered,,,,+13367294181,yes,
+18334635338,2026-09-10T14:00:58.000Z,2026-09-10T14:00:58.000Z,1,undelivered,30034,,30034,+13362761896,no,
+18337443493,2026-08-18T14:01:22.000Z,2026-08-18T14:01:22.000Z,1,delivered,,,,+13362761896,no,
+18338693833,2026-08-16T14:03:03.000Z,2026-08-16T14:04:25.000Z,5,delivered,,,,+13362761896,no,
+18392185020,2026-09-22T14:00:31.000Z,2026-09-22T14:00:31.000Z,1,undelivered,30034,,30034,+13362761896,no,
+18392462121,2026-09-21T14:00:27.000Z,2026-09-21T14:00:27.000Z,1,delivered,,,,+13362761896,no,
+18432121087,2026-09-09T14:00:58.000Z,2026-09-09T14:00:58.000Z,1,delivered,,,,+13362761896,no,
+18432127071,2026-08-18T14:01:37.000Z,2026-08-18T14:01:37.000Z,1,undelivered,30034,,30034,+13362761896,no,
+18432161919,2026-09-02T14:00:28.000Z,2026-09-02T14:00:28.000Z,1,undelivered,30034,,30034,+13362761896,no,
+18432242891,2026-09-21T14:01:28.000Z,2026-09-21T14:01:28.000Z,1,undelivered,30034,,30034,+13362761896,no,
+18432251650,2026-09-21T14:00:31.000Z,2026-09-21T14:00:31.000Z,1,undelivered,30034,,30034,+13362761896,no,
+18432254225,2026-09-08T14:00:33.000Z,2026-09-08T14:00:33.000Z,1,delivered,,,,+13362761896,no,
+18432256052,2026-09-21T14:00:56.000Z,2026-09-21T14:00:56.000Z,1,undelivered,30034,,30034,+13362761896,no,
+18432916166,2026-09-02T14:00:27.000Z,2026-09-02T14:00:27.000Z,1,undelivered,30034,,30034,+13362761896,no,
+18433025988,2026-09-09T14:00:30.000Z,2026-09-09T14:00:30.000Z,1,undelivered,30034,,30034,+13362761896,no,
+18433035194,2026-08-18T14:01:37.000Z,2026-08-18T14:01:37.000Z,1,undelivered,30034,,30034,+13362761896,no,
+18433057312,2026-09-21T14:00:56.000Z,2026-09-21T14:00:56.000Z,1,delivered,,,,+13362761896,no,
+18433081212,2026-09-21T14:01:13.000Z,2026-09-21T14:01:13.000Z,1,delivered,,,,+13362761896,no,
+18433100995,2026-09-08T14:00:47.000Z,2026-09-08T14:00:47.000Z,1,undelivered,30034,,30034,+13362761896,no,
+18433125974,2026-08-18T14:01:22.000Z,2026-08-18T14:01:22.000Z,1,undelivered,30034,,30034,+13362761896,no,
+18433234696,2026-08-18T14:01:22.000Z,2026-08-18T14:01:22.000Z,1,undelivered,30034,,30034,+13362761896,no,
+18433674559,2026-09-17T14:00:59.000Z,2026-09-17T14:00:59.000Z,1,undelivered,30034,,30034,+13362761896,no,
+18433716568,2026-08-18T14:01:21.000Z,2026-08-18T14:01:21.000Z,1,undelivered,30034,,30034,+13362761896,no,
+18434003051,2026-09-08T14:00:33.000Z,2026-09-08T14:00:33.000Z,1,delivered,,,,+13362761896,no,
+18434109741,2026-08-19T14:01:49.000Z,2026-08-19T14:01:49.000Z,1,undelivered,30034,,30034,+13362761896,no,
+18434179551,2026-08-19T14:01:34.000Z,2026-08-19T14:01:34.000Z,1,delivered,,,,+13362761896,no,
+18434597889,2026-08-19T14:01:24.000Z,2026-08-19T14:01:24.000Z,1,delivered,,,,+13362761896,no,
+18434605757,2026-09-17T14:00:32.000Z,2026-09-17T14:00:32.000Z,1,undelivered,30034,,30034,+13362761896,no,
+18435017499,2026-09-21T14:00:42.000Z,2026-09-21T14:00:42.000Z,1,undelivered,30006,Landline or unreachable carrier,30006,+13362761896,no,
+18435075921,2026-08-20T14:01:40.000Z,2026-08-20T14:01:40.000Z,1,delivered,,,,+13362761896,no,
+18435093469,2026-08-19T14:01:50.000Z,2026-08-19T14:01:50.000Z,1,undelivered,30034,,30034,+13362761896,no,
+18435310114,2026-09-21T14:01:12.000Z,2026-09-21T14:01:12.000Z,1,undelivered,30034,,30034,+13362761896,no,
+18435361637,2026-09-21T14:01:12.000Z,2026-09-21T14:01:12.000Z,1,undelivered,30034,,30034,+13362761896,no,
+18435541125,2026-09-21T14:01:28.000Z,2026-09-21T14:01:28.000Z,1,undelivered,30034,,30034,+13362761896,no,
+18435542330,2026-09-09T14:00:30.000Z,2026-09-09T14:01:13.000Z,2,delivered,,,,+13362761896,no,
+18435568473,2026-09-21T14:01:27.000Z,2026-09-21T14:01:27.000Z,1,undelivered,30034,,30034,+13362761896,no,
+18435573785,2026-08-19T14:01:50.000Z,2026-08-19T14:01:50.000Z,1,undelivered,30034,,30034,+13362761896,no,
+18435576090,2026-09-22T14:00:45.000Z,2026-09-22T14:00:45.000Z,1,undelivered,30034,,30034,+13362761896,no,
+18435714510,2026-08-18T14:01:23.000Z,2026-08-18T14:01:23.000Z,1,undelivered,30034,,30034,+13362761896,no,
+18435881686,2026-08-18T14:01:24.000Z,2026-08-18T14:01:24.000Z,1,delivered,,,,+13362761896,no,
+18436088409,2026-09-09T14:00:43.000Z,2026-09-09T14:00:43.000Z,1,delivered,,,,+13362761896,no,
+18436403388,2026-08-18T14:01:24.000Z,2026-08-18T14:01:24.000Z,1,undelivered,30034,,30034,+13362761896,no,
+18436409886,2026-08-18T14:01:23.000Z,2026-08-18T14:01:23.000Z,1,undelivered,30034,,30034,+13362761896,no,
+18436538351,2026-09-05T14:00:58.000Z,2026-09-05T14:00:58.000Z,1,undelivered,30034,,30034,+13362761896,no,
+18436805000,2026-09-21T14:00:41.000Z,2026-09-21T16:16:01.000Z,2,delivered,,,,+13362761896,no,
+18436996800,2026-08-20T14:01:39.000Z,2026-08-20T14:01:39.000Z,1,undelivered,30034,,30034,+13362761896,no,
+18437095409,2026-08-12T14:01:04.000Z,2026-08-27T14:00:08.000Z,2,delivered,,,,+13362761896,no,
+18437222631,2026-08-18T14:01:23.000Z,2026-08-18T14:01:23.000Z,1,undelivered,30034,,30034,+13362761896,no,
+18437371297,2026-09-09T14:00:31.000Z,2026-09-09T14:00:31.000Z,1,undelivered,30034,,30034,+13362761896,no,
+18437375592,2026-08-18T14:01:25.000Z,2026-08-18T14:01:25.000Z,1,undelivered,30006,Landline or unreachable carrier,30006,+13362761896,no,
+18437446393,2026-08-14T14:01:42.000Z,2026-09-10T14:00:33.000Z,2,undelivered,30034,,30034,+13362761896,no,
+18437449355,2026-09-21T14:00:30.000Z,2026-09-21T14:00:30.000Z,1,undelivered,30034,,30034,+13362761896,no,
+18437455977,2026-09-21T14:01:28.000Z,2026-09-21T14:01:28.000Z,1,undelivered,30034,,30034,+13362761896,no,
+18437473400,2026-09-09T14:00:30.000Z,2026-09-09T14:00:30.000Z,1,undelivered,30034,,30034,+13362761896,no,
+18437478742,2026-09-08T14:00:53.000Z,2026-09-08T14:00:53.000Z,1,undelivered,30034,,30034,+13362761896,no,
+18437510241,2026-09-20T14:00:44.000Z,2026-09-20T14:00:44.000Z,1,undelivered,30034,,30034,+13362761896,no,
+18437613444,2026-09-21T14:00:28.000Z,2026-09-21T14:00:28.000Z,1,undelivered,30034,,30034,+13362761896,no,
+18437662158,2026-09-23T14:00:57.000Z,2026-09-23T14:00:57.000Z,1,undelivered,30034,,30034,+13362761896,no,
+18437675282,2026-09-21T14:00:42.000Z,2026-09-21T14:00:42.000Z,1,undelivered,30034,,30034,+13362761896,no,
+18437675870,2026-09-09T14:00:42.000Z,2026-09-09T14:00:42.000Z,1,undelivered,30034,,30034,+13362761896,no,
+18437695355,2026-09-08T14:00:48.000Z,2026-09-08T20:51:43.000Z,2,failed,21610,,21610,+13362761896,no,
+18437894824,2026-09-22T14:00:47.000Z,2026-09-22T14:00:47.000Z,1,undelivered,30005,Unknown destination handset,30005,+13362761896,no,
+18438010403,2026-08-19T14:01:51.000Z,2026-08-19T14:01:51.000Z,1,undelivered,30034,,30034,+13362761896,no,
+18438012507,2026-09-21T14:00:56.000Z,2026-09-21T14:00:56.000Z,1,undelivered,30034,,30034,+13362761896,no,
+18438064471,2026-09-09T14:00:35.000Z,2026-09-09T14:00:35.000Z,1,undelivered,30034,,30034,+13362761896,no,
+18438133509,2026-09-04T14:03:31.000Z,2026-09-04T14:03:31.000Z,1,undelivered,30034,,30034,+13362761896,no,
+18438136335,2026-09-09T14:00:32.000Z,2026-09-09T14:00:32.000Z,1,undelivered,30034,,30034,+13362761896,no,
+18438188437,2026-09-02T14:00:27.000Z,2026-09-02T14:00:27.000Z,1,undelivered,30034,,30034,+13362761896,no,
+18438230535,2026-08-18T14:01:25.000Z,2026-08-18T14:01:25.000Z,1,undelivered,30005,Unknown destination handset,30005,+13362761896,no,
+18438260644,2026-09-15T14:00:27.000Z,2026-09-15T14:00:27.000Z,1,undelivered,30034,,30034,+13362761896,no,
+18438610262,2026-08-17T14:00:25.000Z,2026-08-17T14:00:25.000Z,1,undelivered,30034,,30034,+13362761896,no,
+18438677999,2026-09-21T14:00:57.000Z,2026-09-21T14:02:21.000Z,7,delivered,,,,+13362761896,no,
+18438728680,2026-09-08T14:00:27.000Z,2026-09-08T14:00:27.000Z,1,undelivered,30034,,30034,+13362761896,no,
+18438972508,2026-09-09T14:00:45.000Z,2026-09-09T14:00:45.000Z,1,delivered,,,,+13362761896,no,
+18439000579,2026-08-20T14:01:55.000Z,2026-08-20T14:03:49.000Z,2,delivered,,,,+13362761896,no,
+18439001231,2026-08-19T14:01:49.000Z,2026-08-19T14:01:49.000Z,1,undelivered,30034,,30034,+13362761896,no,
+18439252507,2026-09-08T14:00:27.000Z,2026-09-08T14:00:27.000Z,1,undelivered,30034,,30034,+13362761896,no,
+18439282819,2026-09-08T14:00:47.000Z,2026-09-08T14:00:47.000Z,1,undelivered,30034,,30034,+13362761896,no,
+18439717606,2026-09-21T14:00:42.000Z,2026-09-21T14:00:42.000Z,1,undelivered,30034,,30034,+13362761896,no,
+18446280004,2026-08-12T14:00:39.000Z,2026-08-27T14:00:07.000Z,2,delivered,,,,+13362761896,no,
+18447247623,2026-09-24T14:00:38.000Z,2026-09-24T14:00:38.000Z,1,undelivered,30034,,30034,+13362761896,no,
+18447570083,2026-09-01T16:41:38.000Z,2026-09-01T16:41:38.000Z,1,delivered,,,,+13362761896,no,
+18542146001,2026-09-09T14:00:31.000Z,2026-09-09T14:00:31.000Z,1,undelivered,30005,Unknown destination handset,30005,+13362761896,no,
+18552416001,2026-09-03T14:03:10.000Z,2026-09-03T14:03:10.000Z,1,undelivered,30034,,30034,+13362761896,no,
+18554638359,2026-09-03T14:03:09.000Z,2026-09-03T14:03:09.000Z,1,undelivered,30034,,30034,+13362761896,no,
+18557083196,2026-09-10T14:00:43.000Z,2026-09-10T14:00:43.000Z,1,delivered,,,,+13362761896,no,
+18594477135,2026-08-11T17:40:56.000Z,2026-08-19T14:01:47.000Z,2,delivered,,,,+13367294181,yes,
+18603059003,2026-07-02T23:25:24.000Z,2026-07-02T23:25:24.000Z,1,delivered,,,,+17439016244,yes,
+18603138792,2026-08-21T14:04:10.000Z,2026-08-21T14:04:10.000Z,1,undelivered,30034,,30034,+13362761896,no,
+18632451924,2026-08-19T20:00:55.000Z,2026-08-19T20:00:55.000Z,1,delivered,,,,+17439016244,yes,
+18632455053,2026-08-21T08:47:16.000Z,2026-08-21T08:47:16.000Z,1,delivered,,,,+17439016244,yes,
+18638323418,2026-08-19T20:13:09.000Z,2026-08-19T20:13:09.000Z,1,delivered,,,,+17439016244,yes,
+18642519999,2026-08-17T14:00:38.000Z,2026-08-17T14:00:38.000Z,1,undelivered,30034,,30034,+13362761896,no,
+18648838230,2026-09-22T14:00:31.000Z,2026-09-22T14:00:31.000Z,1,undelivered,30034,,30034,+13362761896,no,
+18649331928,2026-08-30T14:00:44.000Z,2026-08-30T14:00:44.000Z,1,undelivered,30034,,30034,+13362761896,no,
+18652152532,2026-08-26T14:01:06.000Z,2026-08-26T14:01:06.000Z,1,undelivered,30034,,30034,+13362761896,no,
+18652192878,2026-08-26T14:01:11.000Z,2026-08-26T14:01:11.000Z,1,delivered,,,,+13362761896,no,
+18652193101,2026-09-08T14:00:28.000Z,2026-09-08T14:00:28.000Z,1,undelivered,30034,,30034,+13362761896,no,
+18652476870,2026-09-12T14:00:53.000Z,2026-09-12T14:00:53.000Z,1,undelivered,30006,Landline or unreachable carrier,30006,+13362761896,no,
+18652508170,2026-09-12T14:00:42.000Z,2026-09-14T14:00:27.000Z,2,undelivered,30034,,30034,+13362761896,no,
+18652524552,2026-08-20T14:02:10.000Z,2026-08-20T14:02:10.000Z,1,delivered,,,,+13362761896,no,
+18653122514,2026-09-14T14:00:29.000Z,2026-09-14T14:00:29.000Z,1,undelivered,30034,,30034,+13362761896,no,
+18653157611,2026-08-20T14:01:41.000Z,2026-08-20T14:01:41.000Z,1,undelivered,30034,,30034,+13362761896,no,
+18653175270,2026-09-02T14:00:31.000Z,2026-09-02T14:00:31.000Z,1,undelivered,30034,,30034,+13362761896,no,
+18653506200,2026-08-20T14:01:41.000Z,2026-08-20T14:01:41.000Z,1,delivered,,,,+13362761896,no,
+18653568902,2026-09-02T14:00:31.000Z,2026-09-02T14:00:31.000Z,1,undelivered,30034,,30034,+13362761896,no,
+18653825191,2026-08-23T14:01:49.000Z,2026-08-23T14:01:49.000Z,1,undelivered,30034,,30034,+13362761896,no,
+18653961876,2026-08-26T14:01:38.000Z,2026-08-26T14:01:38.000Z,1,undelivered,30034,,30034,+13362761896,no,
+18654050345,2026-08-26T14:01:38.000Z,2026-08-26T14:01:38.000Z,1,undelivered,30034,,30034,+13362761896,no,
+18654078122,2026-09-02T14:00:40.000Z,2026-09-02T14:00:40.000Z,1,undelivered,30034,,30034,+13362761896,no,
+18654187388,2026-08-26T14:01:11.000Z,2026-08-26T14:01:11.000Z,1,undelivered,30034,,30034,+13362761896,no,
+18654261648,2026-09-12T14:00:48.000Z,2026-09-14T14:00:27.000Z,2,delivered,,,,+13362761896,no,
+18655242911,2026-08-26T14:01:03.000Z,2026-08-26T14:01:03.000Z,1,undelivered,30034,,30034,+13362761896,no,
+18655459177,2026-08-26T14:01:18.000Z,2026-08-26T14:01:18.000Z,1,delivered,,,,+13362761896,no,
+18655778888,2026-09-12T14:01:01.000Z,2026-09-12T14:01:01.000Z,1,undelivered,30034,,30034,+13362761896,no,
+18656862655,2026-09-01T14:00:04.000Z,2026-09-01T14:00:04.000Z,1,undelivered,30034,,30034,+13362761896,no,
+18656893722,2026-08-20T14:01:41.000Z,2026-08-20T14:01:41.000Z,1,undelivered,30034,,30034,+13362761896,no,
+18656967388,2026-09-04T14:03:23.000Z,2026-09-04T14:03:23.000Z,1,undelivered,30034,,30034,+13362761896,no,
+18657191235,2026-08-26T14:01:05.000Z,2026-08-26T14:01:05.000Z,1,undelivered,30034,,30034,+13362761896,no,
+18658097095,2026-09-12T14:00:36.000Z,2026-09-14T14:00:27.000Z,2,undelivered,30034,,30034,+13362761896,no,
+18658590301,2026-08-23T14:02:05.000Z,2026-08-23T14:02:05.000Z,1,undelivered,30034,,30034,+13362761896,no,
+18658968441,2026-09-12T14:00:47.000Z,2026-09-12T14:00:47.000Z,1,undelivered,30034,,30034,+13362761896,no,
+18659384677,2026-08-26T14:01:26.000Z,2026-08-26T14:01:26.000Z,1,undelivered,30034,,30034,+13362761896,no,
+18659646598,2026-09-02T14:00:32.000Z,2026-09-02T14:00:32.000Z,1,undelivered,30034,,30034,+13362761896,no,
+18659711414,2026-09-12T14:01:03.000Z,2026-09-12T14:01:03.000Z,1,undelivered,30006,Landline or unreachable carrier,30006,+13362761896,no,
+18659823266,2026-08-26T14:01:03.000Z,2026-08-26T14:01:03.000Z,1,undelivered,30034,,30034,+13362761896,no,
+18659830029,2026-09-12T14:01:18.000Z,2026-09-14T14:00:43.000Z,2,undelivered,30034,,30034,+13362761896,no,
+18665975872,2026-08-26T14:01:12.000Z,2026-08-26T14:01:12.000Z,1,delivered,,,,+13362761896,no,
+18669353387,2026-08-17T14:00:23.000Z,2026-09-24T14:00:30.000Z,2,undelivered,30034,,30034,+13362761896,no,
+18669763835,2026-08-19T14:01:20.000Z,2026-08-19T14:01:20.000Z,1,undelivered,30034,,30034,+13362761896,no,
+18707326451,2026-08-25T14:01:24.000Z,2026-08-25T14:01:24.000Z,1,undelivered,30034,,30034,+13362761896,no,
+18707330100,2026-09-03T14:03:11.000Z,2026-09-03T14:03:11.000Z,1,delivered,,,,+13362761896,no,
+18774443835,2026-08-12T14:00:39.000Z,2026-08-27T14:00:07.000Z,2,undelivered,30034,,30034,+13362761896,no,
+18775126374,2026-08-14T14:01:42.000Z,2026-09-10T14:00:24.000Z,2,undelivered,30034,,30034,+13362761896,no,
+18775163040,2026-09-16T14:00:29.000Z,2026-09-16T14:00:39.000Z,2,delivered,,,,+13362761896,no,
+18777246639,2026-09-01T14:00:20.000Z,2026-09-01T14:00:20.000Z,1,delivered,,,,+13362761896,no,
+18886086324,2026-08-14T22:38:22.000Z,2026-08-20T17:15:17.000Z,2,delivered,,,,+13367294181,yes,
+18886800407,2026-09-05T14:00:29.000Z,2026-09-05T14:00:29.000Z,1,undelivered,30034,,30034,+13362761896,no,
+18888504377,2026-08-27T14:00:25.000Z,2026-08-27T14:00:25.000Z,1,undelivered,30034,,30034,+13362761896,no,
+18889108555,2026-08-17T14:00:23.000Z,2026-09-24T14:00:36.000Z,2,undelivered,30034,,30034,+13362761896,no,
+19012447919,2026-08-26T14:01:01.000Z,2026-08-26T14:01:01.000Z,1,undelivered,30034,,30034,+13362761896,no,
+19012668525,2026-08-25T14:01:34.000Z,2026-08-25T14:01:34.000Z,1,delivered,,,,+13362761896,no,
+19012685151,2026-08-26T14:01:10.000Z,2026-08-26T14:01:10.000Z,1,undelivered,30034,,30034,+13362761896,no,
+19012751923,2026-09-03T14:03:11.000Z,2026-09-03T14:03:11.000Z,1,undelivered,30034,,30034,+13362761896,no,
+19012819568,2026-09-12T14:01:10.000Z,2026-09-12T14:01:10.000Z,1,undelivered,30034,,30034,+13362761896,no,
+19013146590,2026-09-12T14:01:14.000Z,2026-09-12T14:01:14.000Z,1,undelivered,30034,,30034,+13362761896,no,
+19013358226,2026-09-04T14:03:29.000Z,2026-09-04T14:03:29.000Z,1,undelivered,30034,,30034,+13362761896,no,
+19013387555,2026-08-26T14:01:10.000Z,2026-08-26T14:01:10.000Z,1,undelivered,30034,,30034,+13362761896,no,
+19013503527,2026-09-14T14:00:43.000Z,2026-09-14T14:00:43.000Z,1,undelivered,30034,,30034,+13362761896,no,
+19013516366,2026-08-25T14:01:48.000Z,2026-08-25T14:01:48.000Z,1,undelivered,30034,,30034,+13362761896,no,
+19013573330,2026-08-26T14:01:02.000Z,2026-08-26T14:01:02.000Z,1,undelivered,30006,Landline or unreachable carrier,30006,+13362761896,no,
+19013707588,2026-08-25T14:01:32.000Z,2026-08-25T14:01:32.000Z,1,delivered,,,,+13362761896,no,
+19013755105,2026-08-27T14:00:24.000Z,2026-08-27T14:00:24.000Z,1,undelivered,30034,,30034,+13362761896,no,
+19013898749,2026-08-25T14:01:21.000Z,2026-08-25T14:01:21.000Z,1,undelivered,30034,,30034,+13362761896,no,
+19014013443,2026-08-27T14:00:25.000Z,2026-08-27T14:00:25.000Z,1,delivered,,,,+13362761896,no,
+19014030428,2026-09-08T14:00:28.000Z,2026-09-08T14:00:28.000Z,1,undelivered,30034,,30034,+13362761896,no,
+19014453594,2026-08-25T14:01:33.000Z,2026-08-25T14:01:33.000Z,1,delivered,,,,+13362761896,no,
+19014463163,2026-08-25T14:01:19.000Z,2026-08-25T14:01:19.000Z,1,delivered,,,,+13362761896,no,
+19014841883,2026-09-12T14:01:12.000Z,2026-09-12T14:01:12.000Z,1,undelivered,30034,,30034,+13362761896,no,
+19014892020,2026-08-26T14:01:01.000Z,2026-08-26T14:01:01.000Z,1,undelivered,30034,,30034,+13362761896,no,
+19015410460,2026-09-12T14:01:15.000Z,2026-09-12T14:01:15.000Z,1,undelivered,30034,,30034,+13362761896,no,
+19015585797,2026-08-25T14:01:33.000Z,2026-08-25T14:01:33.000Z,1,undelivered,30034,,30034,+13362761896,no,
+19015600379,2026-09-12T14:01:13.000Z,2026-09-12T14:01:13.000Z,1,undelivered,30034,,30034,+13362761896,no,
+19015744664,2026-09-03T14:03:11.000Z,2026-09-03T14:03:11.000Z,1,undelivered,30034,,30034,+13362761896,no,
+19015900684,2026-08-27T14:00:25.000Z,2026-08-27T14:00:25.000Z,1,delivered,,,,+13362761896,no,
+19015902847,2026-08-26T14:01:00.000Z,2026-08-26T14:01:00.000Z,1,undelivered,30006,Landline or unreachable carrier,30006,+13362761896,no,
+19016030392,2026-08-26T14:01:12.000Z,2026-08-26T14:01:12.000Z,1,undelivered,30034,,30034,+13362761896,no,
+19016076688,2026-08-25T14:01:47.000Z,2026-08-25T14:01:47.000Z,1,delivered,,,,+13362761896,no,
+19016199504,2026-09-12T14:01:18.000Z,2026-09-14T14:00:43.000Z,2,undelivered,30034,,30034,+13362761896,no,
+19016313808,2026-08-25T14:01:19.000Z,2026-08-25T14:01:19.000Z,1,undelivered,30034,,30034,+13362761896,no,
+19016410481,2026-09-03T14:03:11.000Z,2026-09-03T14:03:11.000Z,1,delivered,,,,+13362761896,no,
+19016435802,2026-08-26T14:01:10.000Z,2026-08-26T14:01:10.000Z,1,undelivered,30034,,30034,+13362761896,no,
+19016444374,2026-08-25T14:01:22.000Z,2026-08-25T14:01:22.000Z,1,undelivered,30034,,30034,+13362761896,no,
+19016595311,2026-08-25T14:01:22.000Z,2026-08-25T14:01:22.000Z,1,undelivered,30034,,30034,+13362761896,no,
+19016653835,2026-08-26T14:01:22.000Z,2026-08-26T14:01:22.000Z,1,delivered,,,,+13362761896,no,
+19016863737,2026-08-26T14:01:02.000Z,2026-08-26T14:01:02.000Z,1,undelivered,30034,,30034,+13362761896,no,
+19017063004,2026-09-17T14:00:27.000Z,2026-09-17T14:00:27.000Z,1,undelivered,30034,,30034,+13362761896,no,
+19017790479,2026-09-12T14:01:14.000Z,2026-09-12T14:01:14.000Z,1,undelivered,30034,,30034,+13362761896,no,
+19017792266,2026-08-26T14:01:03.000Z,2026-08-26T14:01:03.000Z,1,delivered,,,,+13362761896,no,
+19017917948,2026-09-15T14:00:42.000Z,2026-09-15T14:00:42.000Z,1,undelivered,30034,,30034,+13362761896,no,
+19018012261,2026-08-25T14:02:02.000Z,2026-08-25T14:02:02.000Z,1,undelivered,30034,,30034,+13362761896,no,
+19018492276,2026-08-24T14:00:40.000Z,2026-08-24T14:00:40.000Z,1,undelivered,30034,,30034,+13362761896,no,
+19019474191,2026-08-25T14:02:02.000Z,2026-08-25T14:02:02.000Z,1,undelivered,30006,Landline or unreachable carrier,30006,+13362761896,no,
+19042359381,2026-09-14T14:00:32.000Z,2026-09-14T14:00:32.000Z,1,undelivered,30034,,30034,+13362761896,no,
+19043120645,2026-08-26T14:01:38.000Z,2026-08-26T14:01:38.000Z,1,undelivered,30034,,30034,+13362761896,no,
+19043296425,2026-08-29T14:00:36.000Z,2026-08-29T14:00:36.000Z,1,undelivered,30034,,30034,+13362761896,no,
+19043330009,2026-09-14T14:00:46.000Z,2026-09-14T14:00:46.000Z,1,undelivered,30034,,30034,+13362761896,no,
+19043540600,2026-08-28T14:01:57.000Z,2026-08-28T14:01:57.000Z,1,undelivered,30034,,30034,+13362761896,no,
+19043546566,2026-09-04T14:03:42.000Z,2026-09-04T14:03:42.000Z,1,undelivered,30034,,30034,+13362761896,no,
+19043568819,2026-08-28T14:01:42.000Z,2026-08-28T14:01:42.000Z,1,undelivered,30006,Landline or unreachable carrier,30006,+13362761896,no,
+19043582375,2026-08-29T14:00:36.000Z,2026-08-29T14:00:36.000Z,1,undelivered,30034,,30034,+13362761896,no,
+19043649990,2026-09-03T14:03:13.000Z,2026-09-03T14:03:40.000Z,2,delivered,,,,+13362761896,no,
+19043723942,2026-09-15T14:00:31.000Z,2026-09-15T14:00:31.000Z,1,undelivered,30034,,30034,+13362761896,no,
+19043742762,2026-08-29T14:00:45.000Z,2026-08-29T14:00:45.000Z,1,undelivered,30034,,30034,+13362761896,no,
+19043772830,2026-08-29T14:00:35.000Z,2026-08-29T14:00:35.000Z,1,undelivered,30034,,30034,+13362761896,no,
+19043781449,2026-09-14T14:00:31.000Z,2026-09-14T14:00:31.000Z,1,delivered,,,,+13362761896,no,
+19043871851,2026-08-29T14:00:45.000Z,2026-08-29T14:00:45.000Z,1,undelivered,30006,Landline or unreachable carrier,30006,+13362761896,no,
+19043929328,2026-08-27T14:00:24.000Z,2026-08-27T14:00:24.000Z,1,undelivered,30034,,30034,+13362761896,no,
+19043987503,2026-09-15T14:00:31.000Z,2026-09-15T14:00:31.000Z,1,undelivered,30034,,30034,+13362761896,no,
+19044049399,2026-08-29T14:00:39.000Z,2026-08-29T14:00:39.000Z,1,delivered,,,,+13362761896,no,
+19044053546,2026-08-29T14:00:39.000Z,2026-08-29T14:00:39.000Z,1,undelivered,30034,,30034,+13362761896,no,
+19044229660,2026-09-04T14:03:23.000Z,2026-09-04T14:03:23.000Z,1,undelivered,30034,,30034,+13362761896,no,
+19044317077,2026-08-29T14:00:37.000Z,2026-08-29T14:00:37.000Z,1,undelivered,30034,,30034,+13362761896,no,
+19044361233,2026-09-15T14:00:44.000Z,2026-09-15T14:00:44.000Z,1,delivered,,,,+13362761896,no,
+19044371230,2026-09-14T14:00:29.000Z,2026-09-14T14:00:29.000Z,1,undelivered,30034,,30034,+13362761896,no,
+19044420396,2026-09-03T14:03:21.000Z,2026-09-03T14:03:21.000Z,1,undelivered,30034,,30034,+13362761896,no,
+19044429000,2026-08-29T14:00:37.000Z,2026-08-29T14:00:37.000Z,1,undelivered,30034,,30034,+13362761896,no,
+19044658651,2026-08-29T14:01:22.000Z,2026-08-29T14:01:22.000Z,1,undelivered,30034,,30034,+13362761896,no,
+19044724967,2026-08-27T14:00:23.000Z,2026-08-27T14:00:23.000Z,1,undelivered,30034,,30034,+13362761896,no,
+19044831754,2026-08-27T14:00:23.000Z,2026-08-27T14:00:23.000Z,1,undelivered,30034,,30034,+13362761896,no,
+19044870006,2026-08-29T14:00:38.000Z,2026-08-29T14:00:38.000Z,1,undelivered,30034,,30034,+13362761896,no,
+19044960999,2026-08-29T14:00:35.000Z,2026-08-29T14:00:35.000Z,1,delivered,,,,+13362761896,no,
+19044970728,2026-08-28T14:01:41.000Z,2026-08-28T14:01:41.000Z,1,undelivered,30034,,30034,+13362761896,no,
+19045014909,2026-08-29T14:00:36.000Z,2026-08-29T14:00:36.000Z,1,undelivered,30034,,30034,+13362761896,no,
+19045223877,2026-09-14T14:00:46.000Z,2026-09-14T14:00:46.000Z,1,undelivered,30034,,30034,+13362761896,no,
+19045273263,2026-09-03T14:03:21.000Z,2026-09-03T14:03:21.000Z,1,undelivered,30034,,30034,+13362761896,no,
+19045310440,2026-08-29T14:00:45.000Z,2026-08-29T14:00:45.000Z,1,delivered,,,,+13362761896,no,
+19045403954,2026-09-14T14:00:58.000Z,2026-09-14T14:00:58.000Z,1,undelivered,30034,,30034,+13362761896,no,
+19045709336,2026-09-14T14:00:43.000Z,2026-09-14T14:00:43.000Z,1,undelivered,30006,Landline or unreachable carrier,30006,+13362761896,no,
+19045712453,2026-09-14T14:00:43.000Z,2026-09-14T14:00:43.000Z,1,undelivered,30034,,30034,+13362761896,no,
+19045713835,2026-09-15T14:00:31.000Z,2026-09-15T14:00:31.000Z,1,undelivered,30034,,30034,+13362761896,no,
+19046386682,2026-08-28T14:02:08.000Z,2026-08-28T14:02:08.000Z,1,undelivered,30034,,30034,+13362761896,no,
+19046611407,2026-08-29T14:00:54.000Z,2026-08-29T14:00:54.000Z,1,delivered,,,,+13362761896,no,
+19046661121,2026-09-14T14:00:30.000Z,2026-09-14T14:00:30.000Z,1,undelivered,30034,,30034,+13362761896,no,
+19046669838,2026-09-14T14:00:58.000Z,2026-09-14T14:00:58.000Z,1,undelivered,30034,,30034,+13362761896,no,
+19046980905,2026-08-29T14:01:00.000Z,2026-08-29T14:01:00.000Z,1,undelivered,30034,,30034,+13362761896,no,
+19047085683,2026-09-14T14:00:29.000Z,2026-09-14T14:00:29.000Z,1,undelivered,30034,,30034,+13362761896,no,
+19047177127,2026-08-29T14:00:52.000Z,2026-08-29T14:22:44.000Z,2,failed,21610,,21610,+13362761896,no,
+19047492141,2026-08-27T14:00:28.000Z,2026-08-27T14:00:28.000Z,1,undelivered,30034,,30034,+13362761896,no,
+19047499093,2026-08-29T14:00:36.000Z,2026-08-29T14:00:36.000Z,1,undelivered,30034,,30034,+13362761896,no,
+19047538353,2026-08-29T14:00:37.000Z,2026-08-29T14:00:37.000Z,1,undelivered,30034,,30034,+13362761896,no,
+19047605980,2026-08-27T14:00:24.000Z,2026-08-27T14:00:24.000Z,1,undelivered,30034,,30034,+13362761896,no,
+19047670146,2026-08-28T14:01:55.000Z,2026-08-28T14:01:55.000Z,1,undelivered,30034,,30034,+13362761896,no,
+19048277604,2026-08-29T14:00:37.000Z,2026-08-29T14:00:37.000Z,1,delivered,,,,+13362761896,no,
+19048337750,2026-08-28T14:01:54.000Z,2026-08-28T14:01:54.000Z,1,undelivered,30005,Unknown destination handset,30005,+13362761896,no,
+19048373167,2026-08-28T14:01:41.000Z,2026-08-28T14:01:41.000Z,1,undelivered,30034,,30034,+13362761896,no,
+19048509441,2026-08-28T14:01:55.000Z,2026-08-28T14:01:55.000Z,1,undelivered,30005,Unknown destination handset,30005,+13362761896,no,
+19048555002,2026-08-28T14:01:55.000Z,2026-08-28T14:01:55.000Z,1,undelivered,30034,,30034,+13362761896,no,
+19048685646,2026-09-03T14:03:26.000Z,2026-09-03T14:03:26.000Z,1,undelivered,30034,,30034,+13362761896,no,
+19048884610,2026-09-03T14:03:12.000Z,2026-09-03T14:03:12.000Z,1,undelivered,30034,,30034,+13362761896,no,
+19048891491,2026-08-29T14:00:39.000Z,2026-08-29T14:00:39.000Z,1,undelivered,30034,,30034,+13362761896,no,
+19048974536,2026-08-29T14:00:59.000Z,2026-08-29T14:00:59.000Z,1,undelivered,30034,,30034,+13362761896,no,
+19049090343,2026-08-27T14:00:23.000Z,2026-08-27T14:00:23.000Z,1,undelivered,30034,,30034,+13362761896,no,
+19049102331,2026-08-28T14:01:55.000Z,2026-08-28T14:01:55.000Z,1,undelivered,30034,,30034,+13362761896,no,
+19049341600,2026-08-29T14:00:35.000Z,2026-08-29T14:00:35.000Z,1,delivered,,,,+13362761896,no,
+19049452083,2026-09-14T14:00:32.000Z,2026-09-14T14:00:32.000Z,1,undelivered,30034,,30034,+13362761896,no,
+19049967030,2026-08-28T14:01:43.000Z,2026-08-28T14:01:43.000Z,1,undelivered,30034,,30034,+13362761896,no,
+19089222584,2026-08-18T14:01:21.000Z,2026-08-18T14:01:21.000Z,1,undelivered,30034,,30034,+13362761896,no,
+19102300433,2026-09-07T14:00:40.000Z,2026-09-07T14:00:40.000Z,1,undelivered,30005,Unknown destination handset,30005,+13362761896,no,
+19102499263,2026-08-11T17:40:53.000Z,2026-08-19T14:01:43.000Z,2,delivered,,,,+13367294181,yes,
+19102504060,2026-10-04T13:00:48.000Z,2026-10-07T14:00:49.000Z,2,undelivered,30006,Landline or unreachable carrier,30006,+13367294181,yes,
+19102746442,2026-10-04T13:00:40.000Z,2026-10-07T14:00:40.000Z,2,delivered,,,,+13367294181,yes,
+19103228813,2026-08-16T14:03:05.000Z,2026-09-24T14:00:27.000Z,2,undelivered,30034,,30034,+13362761896,no,
+19103356255,2026-10-04T13:00:38.000Z,2026-10-07T14:00:39.000Z,2,delivered,,,,+13367294181,yes,
+19103376775,2026-08-11T17:40:55.000Z,2026-08-19T14:01:45.000Z,2,delivered,,,,+13367294181,yes,
+19103740062,2026-10-04T13:00:39.000Z,2026-10-07T14:00:39.000Z,2,delivered,,,,+13367294181,yes,
+19103827273,2026-07-26T15:54:02.000Z,2026-07-26T15:54:02.000Z,1,delivered,,,,+17439016244,yes,
+19103982716,2026-10-04T13:00:36.000Z,2026-10-07T14:00:45.000Z,2,delivered,,,,+13367294181,yes,
+19104095032,2026-10-04T13:00:36.000Z,2026-10-07T14:00:37.000Z,2,delivered,,,,+13367294181,yes,
+19104592359,2026-10-04T13:00:37.000Z,2026-10-07T14:00:46.000Z,2,delivered,,,,+13367294181,yes,
+19104655026,2026-10-04T13:00:38.000Z,2026-10-04T14:17:33.000Z,4,delivered,,,,+13367294181,yes,
+19105003132,2026-08-11T17:41:20.000Z,2026-08-19T14:02:03.000Z,2,undelivered,30006,Landline or unreachable carrier,30006,+13367294181,yes,
+19105745634,2026-08-11T17:41:17.000Z,2026-08-20T17:14:52.000Z,2,delivered,,,,+13367294181,yes,
+19105862551,2026-08-11T17:41:13.000Z,2026-08-19T14:01:44.000Z,2,delivered,,,,+13367294181,yes,
+19106019320,2026-08-11T17:41:15.000Z,2026-08-19T14:01:45.000Z,2,delivered,,,,+13367294181,yes,
+19106031666,2026-08-11T17:40:53.000Z,2026-08-11T17:47:10.000Z,3,delivered,,,,+13367294181,yes,
+19106316027,2026-08-11T17:41:57.000Z,2026-08-20T17:14:53.000Z,2,delivered,,,,+13367294181,yes,
+19106330595,2026-09-20T14:00:43.000Z,2026-09-20T14:00:43.000Z,1,undelivered,30034,,30034,+13362761896,no,
+19107483813,2026-08-10T09:00:26.000Z,2026-09-24T14:00:21.000Z,4,undelivered,30034,,30034,+13367294181 +13362761896,yes,
+19107699122,2026-10-04T13:00:39.000Z,2026-10-07T14:00:49.000Z,2,undelivered,30006,Landline or unreachable carrier,30006,+13367294181,yes,
+19107890450,2026-10-04T13:00:51.000Z,2026-10-07T14:00:52.000Z,2,delivered,,,,+13367294181,yes,
+19108539519,2026-08-11T17:41:18.000Z,2026-08-20T17:15:01.000Z,2,delivered,,,,+13367294181,yes,
+19109161134,2026-08-11T17:41:33.000Z,2026-08-20T17:15:07.000Z,2,delivered,,,,+13367294181,yes,
+19109191736,2026-08-15T14:00:07.000Z,2026-09-17T14:01:09.000Z,2,undelivered,30034,,30034,+13362761896,no,
+19109910873,2026-08-11T17:40:57.000Z,2026-08-19T14:01:53.000Z,2,delivered,,,,+13367294181,yes,
+19109944899,2026-10-04T13:00:36.000Z,2026-10-07T14:00:37.000Z,2,delivered,,,,+13367294181,yes,
+19122013061,2026-09-03T14:03:43.000Z,2026-09-03T14:03:43.000Z,1,undelivered,30006,Landline or unreachable carrier,30006,+13362761896,no,
+19122378483,2026-09-14T14:00:43.000Z,2026-09-14T14:00:43.000Z,1,undelivered,30034,,30034,+13362761896,no,
+19122504208,2026-09-15T14:00:32.000Z,2026-09-15T14:00:32.000Z,1,undelivered,30008,Unknown error,30008,+13362761896,no,
+19122534290,2026-08-27T14:00:27.000Z,2026-08-27T14:00:27.000Z,1,undelivered,30034,,30034,+13362761896,no,
+19122654120,2026-08-28T14:01:38.000Z,2026-08-28T14:01:38.000Z,1,delivered,,,,+13362761896,no,
+19122662269,2026-09-14T14:00:42.000Z,2026-09-14T14:00:42.000Z,1,undelivered,30034,,30034,+13362761896,no,
+19122717379,2026-08-28T14:01:54.000Z,2026-08-28T14:01:54.000Z,1,undelivered,30034,,30034,+13362761896,no,
+19123064992,2026-09-16T14:00:38.000Z,2026-09-16T14:00:38.000Z,1,undelivered,30034,,30034,+13362761896,no,
+19123145713,2026-08-23T14:02:04.000Z,2026-08-23T14:02:04.000Z,1,undelivered,30034,,30034,+13362761896,no,
+19123292264,2026-09-15T14:00:28.000Z,2026-09-15T14:00:28.000Z,1,undelivered,30034,,30034,+13362761896,no,
+19123346631,2026-08-27T14:00:40.000Z,2026-08-27T14:00:40.000Z,1,undelivered,30034,,30034,+13362761896,no,
+19123490782,2026-09-11T14:00:31.000Z,2026-09-11T14:00:31.000Z,1,undelivered,30006,Landline or unreachable carrier,30006,+13362761896,no,
+19123988764,2026-08-28T14:01:39.000Z,2026-08-28T14:01:39.000Z,1,undelivered,30034,,30034,+13362761896,no,
+19124127149,2026-09-16T14:00:39.000Z,2026-09-16T14:00:39.000Z,1,undelivered,30034,,30034,+13362761896,no,
+19124285209,2026-09-15T14:00:31.000Z,2026-09-15T14:00:31.000Z,1,undelivered,30034,,30034,+13362761896,no,
+19124291818,2026-09-03T14:03:26.000Z,2026-09-03T14:03:26.000Z,1,undelivered,30034,,30034,+13362761896,no,
+19124295590,2026-08-27T14:00:28.000Z,2026-08-27T14:00:28.000Z,1,undelivered,30034,,30034,+13362761896,no,
+19124296965,2026-08-27T14:00:40.000Z,2026-08-27T14:00:40.000Z,1,undelivered,30034,,30034,+13362761896,no,
+19124301452,2026-09-03T14:03:21.000Z,2026-09-03T14:03:21.000Z,1,undelivered,30005,Unknown destination handset,30005,+13362761896,no,
+19124337157,2026-08-28T14:01:54.000Z,2026-08-28T14:01:54.000Z,1,undelivered,30034,,30034,+13362761896,no,
+19124831774,2026-09-15T14:00:32.000Z,2026-09-15T14:00:32.000Z,1,delivered,,,,+13362761896,no,
+19125006585,2026-09-04T14:03:29.000Z,2026-09-04T14:03:29.000Z,1,delivered,,,,+13362761896,no,
+19125098400,2026-09-16T14:00:42.000Z,2026-09-16T14:00:42.000Z,1,delivered,,,,+13362761896,no,
+19125273109,2026-08-28T14:01:38.000Z,2026-08-28T14:01:38.000Z,1,undelivered,30034,,30034,+13362761896,no,
+19125360935,2026-08-28T14:01:54.000Z,2026-08-28T14:01:54.000Z,1,undelivered,30034,,30034,+13362761896,no,
+19126040726,2026-08-28T14:01:53.000Z,2026-08-28T14:01:53.000Z,1,undelivered,30034,,30034,+13362761896,no,
+19126165190,2026-09-03T14:03:28.000Z,2026-09-03T14:03:28.000Z,1,delivered,,,,+13362761896,no,
+19126554088,2026-08-28T14:01:53.000Z,2026-08-28T14:01:53.000Z,1,undelivered,30034,,30034,+13362761896,no,
+19126608727,2026-08-28T14:01:39.000Z,2026-08-28T14:01:39.000Z,1,undelivered,30034,,30034,+13362761896,no,
+19126616403,2026-08-27T14:00:27.000Z,2026-08-27T14:00:27.000Z,1,undelivered,30005,Unknown destination handset,30005,+13362761896,no,
+19126704131,2026-08-27T14:00:28.000Z,2026-08-27T14:00:28.000Z,1,undelivered,30034,,30034,+13362761896,no,
+19126773118,2026-08-27T14:00:25.000Z,2026-08-27T14:00:25.000Z,1,undelivered,30034,,30034,+13362761896,no,
+19127041110,2026-09-08T14:00:29.000Z,2026-09-08T14:00:29.000Z,1,undelivered,30034,,30034,+13362761896,no,
+19127047101,2026-08-28T14:01:39.000Z,2026-08-28T14:01:39.000Z,1,undelivered,30034,,30034,+13362761896,no,
+19127309371,2026-08-27T14:00:26.000Z,2026-08-27T14:00:26.000Z,1,undelivered,30034,,30034,+13362761896,no,
+19127372701,2026-08-20T14:01:40.000Z,2026-08-20T14:01:40.000Z,1,undelivered,30006,Landline or unreachable carrier,30006,+13362761896,no,
+19127484084,2026-09-17T14:00:31.000Z,2026-09-17T14:00:31.000Z,1,undelivered,30034,,30034,+13362761896,no,
+19127484822,2026-09-15T14:00:47.000Z,2026-09-15T14:00:47.000Z,1,delivered,,,,+13362761896,no,
+19127775836,2026-08-28T14:01:39.000Z,2026-08-28T14:01:39.000Z,1,undelivered,30005,Unknown destination handset,30005,+13362761896,no,
+19127840815,2026-09-15T14:00:32.000Z,2026-09-15T14:00:32.000Z,1,undelivered,30034,,30034,+13362761896,no,
+19128488110,2026-09-10T14:00:31.000Z,2026-09-10T14:00:31.000Z,1,delivered,,,,+13362761896,no,
+19129016841,2026-08-27T14:00:40.000Z,2026-08-27T14:00:40.000Z,1,undelivered,30034,,30034,+13362761896,no,
+19129221018,2026-08-27T14:00:40.000Z,2026-08-27T14:00:40.000Z,1,undelivered,30034,,30034,+13362761896,no,
+19129649802,2026-08-27T14:00:40.000Z,2026-08-27T14:00:40.000Z,1,undelivered,30034,,30034,+13362761896,no,
+19129665054,2026-08-28T14:01:40.000Z,2026-08-28T14:01:40.000Z,1,delivered,,,,+13362761896,no,
+19129666100,2026-08-27T14:00:40.000Z,2026-08-27T14:00:40.000Z,1,undelivered,30034,,30034,+13362761896,no,
+19172156633,2026-09-03T14:03:21.000Z,2026-09-03T14:03:21.000Z,1,undelivered,30034,,30034,+13362761896,no,
+19192150307,2026-08-17T14:00:41.000Z,2026-08-17T14:00:41.000Z,1,undelivered,30034,,30034,+13362761896,no,
+19192158022,2026-08-11T10:00:35.000Z,2026-08-20T14:00:42.000Z,2,undelivered,30034,,30034,+13362761896,no,
+19192383427,2026-08-15T14:00:23.000Z,2026-09-17T14:00:45.000Z,2,delivered,,,,+13362761896,no,
+19192391357,2026-09-20T14:00:43.000Z,2026-09-20T14:00:43.000Z,1,undelivered,30034,,30034,+13362761896,no,
+19192442561,2026-09-02T14:00:29.000Z,2026-09-02T14:00:29.000Z,1,undelivered,30034,,30034,+13362761896,no,
+19192706944,2026-08-15T14:00:20.000Z,2026-09-17T14:00:42.000Z,2,undelivered,30034,,30034,+13362761896,no,
+19192865408,2026-09-19T14:00:32.000Z,2026-09-19T14:00:32.000Z,1,undelivered,30005,Unknown destination handset,30005,+13362761896,no,
+19192888711,2026-08-16T14:03:01.000Z,2026-09-17T14:01:19.000Z,2,undelivered,30034,,30034,+13362761896,no,
+19193037374,2026-09-02T14:00:29.000Z,2026-09-02T14:00:29.000Z,1,delivered,,,,+13362761896,no,
+19193076216,2026-09-17T14:00:26.000Z,2026-09-17T14:00:26.000Z,1,undelivered,30034,,30034,+13362761896,no,
+19193076611,2026-08-14T14:00:41.000Z,2026-09-10T14:00:23.000Z,2,undelivered,30034,,30034,+13362761896,no,
+19193086452,2026-08-10T09:00:46.000Z,2026-08-14T16:02:07.000Z,2,delivered,,,,+13367294181,yes,
+19193330970,2026-08-17T14:00:54.000Z,2026-08-17T14:00:54.000Z,1,undelivered,30034,,30034,+13362761896,no,
+19193439538,2026-08-14T14:01:42.000Z,2026-09-10T14:00:33.000Z,2,delivered,,,,+13362761896,no,
+19193440683,2026-08-14T14:00:44.000Z,2026-09-10T14:00:32.000Z,2,delivered,,,,+13362761896,no,
+19193510008,2026-08-15T14:00:06.000Z,2026-09-17T14:00:30.000Z,2,undelivered,30034,,30034,+13362761896,no,
+19193628388,2026-09-07T14:00:41.000Z,2026-09-07T14:00:41.000Z,1,delivered,,,,+13362761896,no,
+19193671453,2026-09-07T14:00:42.000Z,2026-09-07T14:00:42.000Z,1,delivered,,,,+13362761896,no,
+19193901676,2026-09-07T14:01:01.000Z,2026-09-07T14:01:01.000Z,1,undelivered,30005,Unknown destination handset,30005,+13362761896,no,
+19194002815,2026-09-07T14:00:33.000Z,2026-09-07T14:00:33.000Z,1,undelivered,30034,,30034,+13362761896,no,
+19194109927,2026-08-15T14:00:22.000Z,2026-09-17T14:01:09.000Z,2,undelivered,30034,,30034,+13362761896,no,
+19194145353,2026-09-20T14:00:30.000Z,2026-09-20T14:00:30.000Z,1,undelivered,30034,,30034,+13362761896,no,
+19194380710,2026-09-07T14:00:40.000Z,2026-09-07T14:00:40.000Z,1,delivered,,,,+13362761896,no,
+19194400791,2026-08-17T14:00:23.000Z,2026-09-24T14:00:28.000Z,2,undelivered,30034,,30034,+13362761896,no,
+19194647512,2026-09-07T14:00:55.000Z,2026-09-07T14:00:55.000Z,1,undelivered,30034,,30034,+13362761896,no,
+19194822561,2026-08-10T09:00:28.000Z,2026-09-10T14:00:32.000Z,4,undelivered,30034,,30034,+13367294181 +13362761896,yes,
+19195143208,2026-08-10T09:00:27.000Z,2026-09-17T14:00:59.000Z,4,delivered,,,,+13367294181 +13362761896,yes,
+19195194406,2026-08-11T09:01:42.000Z,2026-08-14T16:03:11.000Z,2,delivered,,,,+13367294181,yes,
+19195202954,2026-08-15T14:00:08.000Z,2026-09-17T14:00:45.000Z,2,undelivered,30034,,30034,+13362761896,no,
+19195215101,2026-09-20T14:00:43.000Z,2026-09-20T14:00:43.000Z,1,delivered,,,,+13362761896,no,
+19195237405,2026-09-22T14:00:31.000Z,2026-09-22T14:00:31.000Z,1,undelivered,30034,,30034,+13362761896,no,
+19195453000,2026-09-02T14:00:30.000Z,2026-09-02T14:00:30.000Z,1,delivered,,,,+13362761896,no,
+19195962090,2026-10-05T13:00:36.000Z,2026-10-05T13:00:36.000Z,1,undelivered,30003,Unreachable destination handset,30003,+13367294181,yes,
+19196014266,2026-09-22T14:00:31.000Z,2026-09-22T14:00:31.000Z,1,undelivered,30034,,30034,+13362761896,no,
+19196045076,2026-09-20T14:00:43.000Z,2026-09-20T14:00:43.000Z,1,undelivered,30034,,30034,+13362761896,no,
+19196097390,2026-08-15T14:00:22.000Z,2026-09-17T14:00:43.000Z,2,undelivered,30034,,30034,+13362761896,no,
+19196277177,2026-08-15T14:00:09.000Z,2026-09-17T14:00:55.000Z,2,undelivered,30034,,30034,+13362761896,no,
+19196288569,2026-08-15T14:00:07.000Z,2026-09-17T14:00:45.000Z,2,undelivered,30034,,30034,+13362761896,no,
+19196327084,2026-08-10T09:01:05.000Z,2026-09-17T14:00:37.000Z,4,undelivered,30034,,30034,+13367294181 +13362761896,yes,
+19196346052,2026-08-17T14:00:26.000Z,2026-08-17T14:00:26.000Z,1,delivered,,,,+13362761896,no,
+19196378833,2026-08-11T09:01:00.000Z,2026-08-14T16:02:51.000Z,2,delivered,,,,+13367294181,yes,
+19196421741,2026-09-20T14:00:42.000Z,2026-09-20T14:00:42.000Z,1,delivered,,,,+13362761896,no,
+19196595497,2026-09-07T14:00:45.000Z,2026-09-07T14:00:45.000Z,1,undelivered,30034,,30034,+13362761896,no,
+19196649942,2026-08-16T14:03:01.000Z,2026-09-17T14:00:45.000Z,2,undelivered,30034,,30034,+13362761896,no,
+19196654046,2026-09-20T00:03:40.000Z,2026-09-20T00:07:32.000Z,7,delivered,,,,+13367294181,yes,
+19196662870,2026-09-07T14:01:00.000Z,2026-09-07T14:01:00.000Z,1,undelivered,30034,,30034,+13362761896,no,
+19196719042,2026-08-17T13:00:26.000Z,2026-08-20T17:15:46.000Z,2,delivered,,,,+13367294181,yes,
+19196719628,2026-08-14T14:00:44.000Z,2026-09-10T14:00:26.000Z,2,undelivered,30034,,30034,+13362761896,no,
+19196736332,2026-09-07T14:01:00.000Z,2026-09-07T14:01:00.000Z,1,undelivered,30034,,30034,+13362761896,no,
+19196799164,2026-09-07T14:00:50.000Z,2026-09-07T14:00:50.000Z,1,delivered,,,,+13362761896,no,
+19197036482,2026-09-20T14:00:30.000Z,2026-09-20T14:00:30.000Z,1,undelivered,30034,,30034,+13362761896,no,
+19197061869,2026-08-15T14:00:33.000Z,2026-09-17T14:00:58.000Z,2,undelivered,30034,,30034,+13362761896,no,
+19197107739,2026-09-02T14:00:30.000Z,2026-09-02T14:00:30.000Z,1,undelivered,30034,,30034,+13362761896,no,
+19197444147,2026-08-17T13:00:14.000Z,2026-09-20T14:00:27.000Z,3,undelivered,30034,,30034,+13367294181 +13362761896,yes,
+19197447635,2026-08-11T09:01:17.000Z,2026-09-17T14:00:43.000Z,3,undelivered,30034,,30034,+13367294181 +13362761896,yes,
+19197615021,2026-09-20T14:00:29.000Z,2026-09-20T14:00:29.000Z,1,undelivered,30034,,30034,+13362761896,no,
+19197626624,2026-09-07T14:00:51.000Z,2026-09-07T14:00:51.000Z,1,undelivered,30034,,30034,+13362761896,no,
+19197695219,2026-10-05T13:00:36.000Z,2026-10-05T13:00:36.000Z,1,delivered,,,,+13367294181,yes,
+19197696838,2026-08-10T09:01:04.000Z,2026-08-14T16:02:00.000Z,2,delivered,,,,+13367294181,yes,
+19197707021,2026-06-06T17:05:25.000Z,2026-09-02T12:52:12.000Z,8,delivered,,,,+17439016244,yes,
+19197710263,2026-09-17T14:00:43.000Z,2026-09-17T14:00:43.000Z,1,undelivered,30034,,30034,+13362761896,no,
+19197716701,2026-08-15T14:00:20.000Z,2026-09-17T14:00:44.000Z,2,undelivered,30034,,30034,+13362761896,no,
+19197732003,2026-09-20T14:00:27.000Z,2026-09-20T14:00:27.000Z,1,undelivered,30034,,30034,+13362761896,no,
+19198088346,2026-08-10T09:00:48.000Z,2026-08-14T16:02:01.000Z,2,delivered,,,,+13367294181,yes,
+19198150432,2026-09-07T14:00:45.000Z,2026-09-07T14:00:45.000Z,1,delivered,,,,+13362761896,no,
+19198333383,2026-09-20T14:00:43.000Z,2026-09-20T14:00:43.000Z,1,undelivered,30034,,30034,+13362761896,no,
+19198417095,2026-08-15T14:00:22.000Z,2026-09-17T14:01:19.000Z,2,undelivered,30034,,30034,+13362761896,no,
+19198582318,2026-08-31T13:00:49.000Z,2026-08-31T13:01:01.000Z,2,delivered,,,,+13367294181,yes,
+19198582715,2026-09-20T14:00:28.000Z,2026-09-20T14:00:28.000Z,1,delivered,,,,+13362761896,no,
+19198627882,2026-08-11T09:00:57.000Z,2026-08-14T16:02:35.000Z,2,delivered,,,,+13367294181,yes,
+19198628500,2026-09-07T14:00:50.000Z,2026-09-07T14:00:50.000Z,1,undelivered,30034,,30034,+13362761896,no,
+19198641648,2026-09-02T14:00:40.000Z,2026-09-02T14:00:40.000Z,1,undelivered,30034,,30034,+13362761896,no,
+19198992018,2026-08-15T14:00:05.000Z,2026-09-10T14:00:26.000Z,2,delivered,,,,+13362761896,no,
+19199045672,2026-08-10T09:01:27.000Z,2026-09-04T14:03:18.000Z,3,undelivered,30034,,30034,+13367294181 +13362761896,yes,
+19199090201,2026-08-15T14:00:21.000Z,2026-09-17T14:01:09.000Z,2,undelivered,30034,,30034,+13362761896,no,
+19199150797,2026-08-10T09:01:07.000Z,2026-09-17T14:00:45.000Z,4,undelivered,30034,,30034,+13367294181 +13362761896,yes,
+19199171575,2026-08-15T14:00:10.000Z,2026-09-17T14:01:08.000Z,2,undelivered,30034,,30034,+13362761896,no,
+19199656676,2026-09-20T14:00:42.000Z,2026-09-20T14:00:42.000Z,1,undelivered,30034,,30034,+13362761896,no,
+19199730080,2026-08-17T14:00:41.000Z,2026-08-17T14:00:41.000Z,1,undelivered,30034,,30034,+13362761896,no,
+19199770897,2026-09-20T14:00:28.000Z,2026-09-20T14:00:28.000Z,1,undelivered,30005,Unknown destination handset,30005,+13362761896,no,
+19199860547,2026-08-11T17:41:18.000Z,2026-08-20T17:14:53.000Z,2,delivered,,,,+13367294181,yes,
+19199957984,2026-09-17T14:00:27.000Z,2026-09-17T14:00:27.000Z,1,undelivered,30034,,30034,+13362761896,no,
+19199966407,2026-08-17T14:00:27.000Z,2026-08-17T14:00:27.000Z,1,undelivered,30034,,30034,+13362761896,no,
+19292476286,2026-10-04T13:00:39.000Z,2026-10-07T14:00:45.000Z,2,delivered,,,,+13367294181,yes,
+19312493222,2026-09-12T14:00:26.000Z,2026-09-12T14:00:26.000Z,1,undelivered,30034,,30034,+13362761896,no,
+19313850534,2026-09-15T14:00:29.000Z,2026-09-15T14:00:29.000Z,1,undelivered,30034,,30034,+13362761896,no,
+19315926767,2026-08-30T14:00:45.000Z,2026-08-30T14:00:45.000Z,1,undelivered,30034,,30034,+13362761896,no,
+19316075022,2026-09-11T14:00:31.000Z,2026-09-11T14:00:31.000Z,1,undelivered,30034,,30034,+13362761896,no,
+19316484255,2026-09-12T14:00:34.000Z,2026-09-12T14:00:34.000Z,1,undelivered,30034,,30034,+13362761896,no,
+19318018893,2026-09-11T14:00:32.000Z,2026-09-11T14:00:32.000Z,1,undelivered,30034,,30034,+13362761896,no,
+19319331840,2026-09-23T14:00:27.000Z,2026-09-23T14:00:27.000Z,1,undelivered,30034,,30034,+13362761896,no,
+19432267057,2026-08-21T13:00:40.000Z,2026-09-10T14:00:58.000Z,3,undelivered,30034,,30034,+13367294181 +13362761896,yes,
+19432884644,2026-08-21T14:03:55.000Z,2026-08-21T14:03:55.000Z,1,undelivered,30034,,30034,+13362761896,no,
+19439969583,2026-09-11T14:00:28.000Z,2026-09-11T14:00:28.000Z,1,undelivered,30034,,30034,+13362761896,no,
+19542946601,2026-08-10T09:00:45.000Z,2026-08-27T14:00:17.000Z,4,undelivered,30034,,30034,+13367294181 +13362761896,yes,
+19802108866,2026-08-13T14:01:38.000Z,2026-09-03T14:00:20.000Z,2,undelivered,30034,,30034,+13362761896,no,
+19802197118,2026-09-05T14:00:32.000Z,2026-09-05T14:00:32.000Z,1,undelivered,30034,,30034,+13362761896,no,
+19802214349,2026-09-06T14:00:45.000Z,2026-09-06T14:00:45.000Z,1,undelivered,30034,,30034,+13362761896,no,
+19802260889,2026-09-06T14:00:29.000Z,2026-09-06T14:00:29.000Z,1,undelivered,30034,,30034,+13362761896,no,
+19802261676,2026-08-17T13:00:15.000Z,2026-08-20T17:15:24.000Z,2,delivered,,,,+13367294181,yes,
+19802428800,2026-08-14T14:00:39.000Z,2026-09-03T14:00:51.000Z,2,undelivered,30034,,30034,+13362761896,no,
+19802487067,2026-08-14T14:00:40.000Z,2026-09-10T14:00:21.000Z,2,undelivered,30034,,30034,+13362761896,no,
+19802536191,2026-08-14T14:00:40.000Z,2026-09-10T14:00:22.000Z,2,undelivered,30034,,30034,+13362761896,no,
+19802729627,2026-08-13T14:02:09.000Z,2026-09-03T14:00:35.000Z,2,undelivered,30034,,30034,+13362761896,no,
+19802887862,2026-08-14T14:00:43.000Z,2026-09-10T14:00:34.000Z,2,undelivered,30034,,30034,+13362761896,no,
+19802908802,2026-09-06T14:00:27.000Z,2026-09-06T14:00:27.000Z,1,undelivered,30034,,30034,+13362761896,no,
+19803046600,2026-09-05T14:00:43.000Z,2026-09-05T14:00:43.000Z,1,delivered,,,,+13362761896,no,
+19803136059,2026-08-13T14:01:39.000Z,2026-09-03T14:00:21.000Z,2,undelivered,30034,,30034,+13362761896,no,
+19803180425,2026-09-05T14:00:31.000Z,2026-09-05T14:00:31.000Z,1,undelivered,30034,,30034,+13362761896,no,
+19803352125,2026-09-22T14:00:49.000Z,2026-09-22T14:00:49.000Z,1,undelivered,30034,,30034,+13362761896,no,
+19803428742,2026-08-13T14:02:05.000Z,2026-09-03T14:00:24.000Z,2,delivered,,,,+13362761896,no,
+19803516626,2026-08-17T13:00:13.000Z,2026-08-20T17:15:54.000Z,36,failed,21610,,30008 21610,+13367294181,yes,
+19803694737,2026-08-13T14:01:41.000Z,2026-09-03T14:00:23.000Z,2,undelivered,30005,Unknown destination handset,30005,+13362761896,no,
+19803846770,2026-08-13T14:02:35.000Z,2026-09-03T14:00:32.000Z,2,undelivered,30034,,30034,+13362761896,no,
+19804433938,2026-09-19T14:00:29.000Z,2026-09-19T14:00:29.000Z,1,delivered,,,,+13362761896,no,
+19804464166,2026-09-06T14:00:27.000Z,2026-09-06T14:00:27.000Z,1,undelivered,30034,,30034,+13362761896,no,
+19804960160,2026-09-06T14:00:43.000Z,2026-09-06T14:00:43.000Z,1,undelivered,30034,,30034,+13362761896,no,
+19805009341,2026-08-12T14:01:29.000Z,2026-08-27T14:00:18.000Z,2,undelivered,30034,,30034,+13362761896,no,
+19805012491,2026-08-17T13:00:13.000Z,2026-09-01T14:00:24.000Z,3,undelivered,30034,,30034,+13367294181 +13362761896,yes,
+19805054160,2026-08-13T14:02:09.000Z,2026-09-03T14:00:23.000Z,2,undelivered,30034,,30034,+13362761896,no,
+19805140754,2026-08-13T14:02:30.000Z,2026-09-03T14:00:25.000Z,2,delivered,,,,+13362761896,no,
+19805567115,2026-08-13T14:01:39.000Z,2026-09-03T14:00:21.000Z,2,delivered,,,,+13362761896,no,
+19805808045,2026-08-14T14:00:42.000Z,2026-08-14T14:11:14.000Z,2,failed,21610,,21610,+13362761896,no,
+19806163443,2026-08-14T14:00:40.000Z,2026-09-10T14:00:21.000Z,2,undelivered,30034,,30034,+13362761896,no,
+19806367671,2026-08-12T14:01:35.000Z,2026-08-27T14:00:10.000Z,2,undelivered,30034,,30034,+13362761896,no,
+19807226720,2026-08-14T14:00:40.000Z,2026-09-10T14:00:21.000Z,2,undelivered,30034,,30034,+13362761896,no,
+19807379399,2026-09-06T14:00:30.000Z,2026-09-06T14:00:30.000Z,1,delivered,,,,+13362761896,no,
+19808007945,2026-09-22T14:00:29.000Z,2026-09-22T14:00:29.000Z,1,undelivered,30034,,30034,+13362761896,no,
+19808334665,2026-08-11T09:00:58.000Z,2026-09-18T14:00:44.000Z,4,undelivered,30034,,21610 30034,+13367294181 +13362761896,yes,
+19808336762,2026-08-12T14:01:34.000Z,2026-08-27T14:00:20.000Z,2,undelivered,30034,,30034,+13362761896,no,
+19808908660,2026-09-06T14:00:43.000Z,2026-09-06T14:00:43.000Z,1,delivered,,,,+13362761896,no,
+19809389214,2026-05-08T00:06:14.000Z,2026-05-12T00:50:08.000Z,2,undelivered,30034,,30034,+17439016244,yes,
+19809877083,2026-09-17T14:00:28.000Z,2026-09-17T14:00:28.000Z,1,delivered,,,,+13362761896,no,
+19809990836,2026-09-06T14:00:29.000Z,2026-09-06T14:00:29.000Z,1,undelivered,30034,,30034,+13362761896,no,
+19842127721,2026-08-17T14:00:26.000Z,2026-08-17T14:00:26.000Z,1,undelivered,30034,,30034,+13362761896,no,
+19842235335,2026-08-11T17:41:37.000Z,2026-08-20T17:14:52.000Z,2,delivered,,,,+13367294181,yes,
+19842383516,2026-08-10T09:00:47.000Z,2026-09-17T14:00:35.000Z,4,undelivered,30034,,30034,+13367294181 +13362761896,yes,
+19842485411,2026-09-05T14:00:30.000Z,2026-09-05T14:00:30.000Z,1,undelivered,30034,,30034,+13362761896,no,
+19842551234,2026-09-02T14:00:29.000Z,2026-09-02T14:00:29.000Z,1,undelivered,30034,,30034,+13362761896,no,
+19842847216,2026-08-11T17:42:10.000Z,2026-08-20T17:14:53.000Z,2,delivered,,,,+13367294181,yes,
+19843197792,2026-08-17T13:00:14.000Z,2026-08-20T17:15:17.000Z,2,delivered,,,,+13367294181,yes,
+19843249112,2026-08-17T14:00:26.000Z,2026-08-17T14:00:26.000Z,1,undelivered,30008,Unknown error,30008,+13362761896,no,
+19843416906,2026-08-15T14:00:33.000Z,2026-09-17T14:00:58.000Z,2,undelivered,30008,Unknown error,30008,+13362761896,no,
+19843549866,2026-08-10T09:00:27.000Z,2026-08-14T16:01:44.000Z,2,delivered,,,,+13367294181,yes,
+19843675175,2026-08-11T17:41:36.000Z,2026-08-20T17:14:51.000Z,2,delivered,,,,+13367294181,yes,
+19843796581,2026-08-15T14:00:05.000Z,2026-09-10T14:00:26.000Z,2,undelivered,30034,,30034,+13362761896,no,
+19844009341,2026-08-15T14:00:08.000Z,2026-09-17T14:01:09.000Z,2,delivered,,,,+13362761896,no,
+19844395716,2026-08-10T09:00:29.000Z,2026-08-11T16:15:12.000Z,2,delivered,,,,+13367294181,yes,
+19847101876,2026-09-05T14:00:58.000Z,2026-09-05T14:00:58.000Z,1,undelivered,30034,,30034,+13362761896,no,
+19847771527,2026-09-07T14:00:55.000Z,2026-09-07T14:00:55.000Z,1,undelivered,30034,,30034,+13362761896,no,
+19848003878,2026-09-04T14:03:42.000Z,2026-09-04T14:03:42.000Z,1,undelivered,30034,,30034,+13362761896,no,
+19849007017,2026-09-02T14:00:29.000Z,2026-09-02T14:00:29.000Z,1,undelivered,30034,,30034,+13362761896,no,
555-555-5555,2026-07-25T17:53:34.000Z,2026-07-25T17:53:34.000Z,1,failed,21211,,21211,+17439016244,yes,555-test-number
